pick_id,day,panel,ticker,side,setup,verdict,score,score_band,entry_type,entry,stop,target,rr,auction_long_class,auction_short_class,auction_or_state,auction_or_position,auction_day_position,first_seen,last_seen,trackable,track_skip_reason,outcome,result_r,mfe_r,mae_r,current_r,fill_time,exit_time,last_px,notes
af682c49575369b7,2026-07-14,ATH_LONG,KURA,LONG,APPROACH_RECLAIM,ACTIONABLE_WATCH,74.0,70-79,LIMIT,12.1,11.56,12.49,0.72,PULLBACK_BUY_ZONE,AVOID_SHORT,ABOVE_ORH,1.0,0.606,2026-07-14T03:50:36,2026-07-14T03:50:36,True,,STOPPED,-1.0,-1.11,-2.33,-1.59,2026-07-14T08:32:00,2026-07-14T08:32:00,11.24,Approach/reclaim: hold the current shelf and push back toward the 52w high.
53e7557ffb914daf,2026-07-14,ATH_LONG,VLY,LONG,APPROACH_RECLAIM,ACTIONABLE_WATCH,66.0,60-69,LIMIT,14.59,13.94,15.01,0.65,AVOID_LONG,NEUTRAL,OR_BOTTOM_THIRD,0.3,0.432,2026-07-14T03:50:36,2026-07-14T03:50:36,True,,OPEN_LOSS,-0.02,0.15,-0.14,-0.02,2026-07-14T09:30:00,,14.58,Approach/reclaim: hold the current shelf and push back toward the 52w high.
ab41f002034715d6,2026-07-14,MICRO_CLOCKS,AAOX,LONG,MICRO_CLOCK_BOUNCE_PHASE,BOUNCE_PHASE,70.0,70-79,SHADOW_REFERENCE,20.2,19.19,22.22,2.0,,,,,,2026-07-14T14:47:16-04:00,2026-07-14T14:47:16-04:00,True,SHADOW_ONLY_CLOCK_NOT_A_BOT_ROUTE,OPEN_WIN,1.66,1.68,0.6,1.66,2026-07-14T14:48:00,,21.88,Stock Clock / Micro Clocks phase candidate bridged into the contract spine.
aedefac25db1b8bd,2026-07-14,MICRO_CLOCKS,AAPL,LONG,MICRO_CLOCK_BOUNCE_PHASE,BOUNCE_PHASE,70.0,70-79,SHADOW_REFERENCE,312.25,296.6375,343.475,2.0,,,,,,2026-07-14T14:47:16-04:00,2026-07-14T14:47:16-04:00,True,SHADOW_ONLY_CLOCK_NOT_A_BOT_ROUTE,OPEN_WIN,0.21,0.23,0.08,0.21,2026-07-14T14:48:00,,315.53,Stock Clock / Micro Clocks phase candidate bridged into the contract spine.
da45ba5429b61ebe,2026-07-14,MICRO_CLOCKS,ABEO,LONG,MICRO_CLOCK_BOUNCE_PHASE,BOUNCE_PHASE,70.0,70-79,SHADOW_REFERENCE,7.1016,6.7465,7.8118,2.0,,,,,,2026-07-14T14:47:16-04:00,2026-07-14T14:47:16-04:00,True,SHADOW_ONLY_CLOCK_NOT_A_BOT_ROUTE,OPEN_LOSS,-0.12,0.07,-0.15,-0.12,2026-07-14T14:48:00,,7.06,Stock Clock / Micro Clocks phase candidate bridged into the contract spine.
f20b76d72e386c24,2026-07-14,MICRO_CLOCKS,ABTS,LONG,MICRO_CLOCK_BOUNCE_PHASE,BOUNCE_PHASE,70.0,70-79,SHADOW_REFERENCE,1.54,1.463,1.694,2.0,,,,,,2026-07-14T14:47:16-04:00,2026-07-14T14:47:16-04:00,True,SHADOW_ONLY_CLOCK_NOT_A_BOT_ROUTE,NO_FILL,0.0,0.0,0.0,,,,1.19,Stock Clock / Micro Clocks phase candidate bridged into the contract spine.
e1c5f58daa5f59ad,2026-07-14,MICRO_CLOCKS,AMZN,LONG,MICRO_CLOCK_BOUNCE_PHASE,BOUNCE_PHASE,70.0,70-79,SHADOW_REFERENCE,257.42,244.549,283.162,2.0,,,,,,2026-07-14T14:47:16-04:00,2026-07-14T14:47:16-04:00,True,SHADOW_ONLY_CLOCK_NOT_A_BOT_ROUTE,NO_FILL,0.0,0.0,0.0,,,,248.1,Stock Clock / Micro Clocks phase candidate bridged into the contract spine.
c437a6d7366ef26b,2026-07-14,MICRO_CLOCKS,DDS,LONG,MICRO_CLOCK_FRESH,FRESH_ADVANCE,95.0,90+,SHADOW_REFERENCE,613.5,582.825,674.85,2.0,,,,,,2026-07-14T14:47:16-04:00,2026-07-14T14:47:16-04:00,True,SHADOW_ONLY_CLOCK_NOT_A_BOT_ROUTE,NO_FILL,0.0,0.0,0.0,,,,528.21,Stock Clock / Micro Clocks phase candidate bridged into the contract spine.
f02ee4e7a6fc5d71,2026-07-14,MICRO_CLOCKS,RVTY,LONG,MICRO_CLOCK_BOUNCE_PHASE,BOUNCE_PHASE,70.0,70-79,SHADOW_REFERENCE,99.73,94.7435,109.703,2.0,,,,,,2026-07-14T14:47:16-04:00,2026-07-14T14:47:16-04:00,True,SHADOW_ONLY_CLOCK_NOT_A_BOT_ROUTE,TARGET_HIT,2.0,2.4,2.26,2.3,2026-07-14T14:48:00,2026-07-14T14:48:00,111.21,Stock Clock / Micro Clocks phase candidate bridged into the contract spine.
c2819112c529a437,2026-07-14,MICRO_CLOCKS,TPB,LONG,MICRO_CLOCK_BOUNCE_PHASE,BOUNCE_PHASE,70.0,70-79,SHADOW_REFERENCE,95.225,90.4637,104.7475,2.0,,,,,,2026-07-14T14:47:16-04:00,2026-07-14T14:47:16-04:00,True,SHADOW_ONLY_CLOCK_NOT_A_BOT_ROUTE,NO_FILL,0.0,0.0,0.0,,,,79.99,Stock Clock / Micro Clocks phase candidate bridged into the contract spine.
5ddc254353fa6193,2026-07-14,MICRO_CLOCKS,VCX,LONG,MICRO_CLOCK_FRESH,FRESH_ADVANCE,95.0,90+,SHADOW_REFERENCE,227.03,215.6785,249.733,2.0,,,,,,2026-07-14T14:47:16-04:00,2026-07-14T14:47:16-04:00,True,SHADOW_ONLY_CLOCK_NOT_A_BOT_ROUTE,NO_FILL,0.0,0.0,0.0,,,,63.65,Stock Clock / Micro Clocks phase candidate bridged into the contract spine.
d6871e6a84c5b670,2026-07-14,MICRO_CLOCKS,WS,LONG,MICRO_CLOCK_BOUNCE_PHASE,BOUNCE_PHASE,70.0,70-79,SHADOW_REFERENCE,41.12,39.064,45.232,2.0,,,,,,2026-07-14T14:47:16-04:00,2026-07-14T14:47:16-04:00,True,SHADOW_ONLY_CLOCK_NOT_A_BOT_ROUTE,NO_FILL,0.0,0.0,0.0,,,,33.94,Stock Clock / Micro Clocks phase candidate bridged into the contract spine.
573919a3695312df,2026-07-14,MUSTARD_RELOAD,ABEO,LONG,MUSTARD_MIXED_RESEARCH,MUSTARD_MIXED_RESEARCH,49.0,<60,LIMIT,7.1543,6.1166,7.2401,0.08,,,,,,2026-07-14T14:30,2026-07-14T14:30,True,,OPEN_LOSS,-0.09,-0.01,-0.1,-0.09,2026-07-14T14:30:00,,7.06,Mustard reload shelf retest/reclaim candidate.
640e6ea9cac24e27,2026-07-14,MUSTARD_RELOAD,ABEO,LONG,MUSTARD_MIXED_RESEARCH,MUSTARD_MIXED_RESEARCH,49.0,<60,LIMIT,7.0992,6.1166,7.1844,0.09,PULLBACK_BUY_ZONE,NEUTRAL,OR_TOP_THIRD,0.704,0.613,2026-07-14T15:45,2026-07-14T15:45,True,,OPEN_LOSS,-0.04,0.02,-0.05,-0.04,2026-07-14T15:45:00,,7.06,Mustard reload shelf retest/reclaim candidate.
dd99d83ecb5509b8,2026-07-14,MUSTARD_RELOAD,ABSI,LONG,AVOID_STALLED_RETEST,AVOID_STALLED_RETEST,37.0,<60,LIMIT,10.1803,10.0287,10.294,0.75,,,,,,2026-07-14T14:30,2026-07-14T14:30,True,,TARGET_HIT,0.75,1.35,-0.66,0.61,2026-07-14T14:30:00,2026-07-14T16:03:00,10.2724,Mustard reload shelf retest/reclaim candidate.
7c1e12ace01c9bd1,2026-07-14,MUSTARD_RELOAD,ABSI,LONG,AVOID_STALLED_RETEST,AVOID_STALLED_RETEST,49.0,<60,LIMIT,10.3,10.0584,10.4236,0.51,NEUTRAL,FIRST_RALLY_SHORT_ZONE,OR_MIDDLE,0.471,0.505,2026-07-14T16:00,2026-07-14T16:00,True,,OPEN_LOSS,-0.11,0.35,-0.58,-0.11,2026-07-14T16:00:00,,10.2724,Mustard reload shelf retest/reclaim candidate.
464f3a8df63b0423,2026-07-14,MUSTARD_RELOAD,ACRS,LONG,NO_PARENT_EDGE,NO_PARENT_EDGE,49.0,<60,LIMIT,5.4659,5.3856,5.5261,0.75,,,,,,2026-07-14T14:30,2026-07-14T14:30,True,,OPEN_LOSS,-0.45,-0.07,-0.95,-0.45,2026-07-14T14:30:00,,5.43,Mustard reload shelf retest/reclaim candidate.
618df7d4612489ab,2026-07-14,MUSTARD_RELOAD,ACRS,LONG,NO_PARENT_EDGE,NO_PARENT_EDGE,49.0,<60,LIMIT,5.43,5.2717,5.4952,0.41,AVOID_LONG,AVOID_SHORT,OR_BOTTOM_THIRD,0.268,0.268,2026-07-14T16:00,2026-07-14T16:00,True,,OPEN_FLAT,0.0,0.13,-0.0,0.0,2026-07-14T16:00:00,,5.43,Mustard reload shelf retest/reclaim candidate.
45afb7b487123ea1,2026-07-14,MUSTARD_RELOAD,ALHC,LONG,AVOID_STALLED_RETEST,AVOID_STALLED_RETEST,39.0,<60,LIMIT,21.0,20.493,21.1183,0.23,,,,,,2026-07-14T14:30,2026-07-14T14:30,True,,TARGET_HIT,0.23,0.49,-0.12,0.49,2026-07-14T14:30:00,2026-07-14T14:48:00,21.25,Mustard reload shelf retest/reclaim candidate.
a74cc01458a90df6,2026-07-14,MUSTARD_RELOAD,ALHC,LONG,AVOID_STALLED_RETEST,AVOID_STALLED_RETEST,49.0,<60,LIMIT,21.25,19.8906,21.348,0.07,AVOID_LONG_CHASE,AVOID_SHORT,ABOVE_ORH,1.0,1.0,2026-07-14T16:00,2026-07-14T16:00,True,,OPEN_FLAT,0.0,0.0,-0.05,0.0,2026-07-14T16:00:00,,21.25,Mustard reload shelf retest/reclaim candidate.
90edf8d619f6d580,2026-07-14,MUSTARD_RELOAD,BAND,LONG,MUSTARD_MIXED_RESEARCH,MUSTARD_MIXED_RESEARCH,1.0,<60,LIMIT,76.4726,60.488,77.3903,0.06,,,,,,2026-07-14T14:30,2026-07-14T14:30,True,,OPEN_LOSS,-0.05,-0.04,-0.1,-0.05,2026-07-14T14:30:00,,75.75,Mustard reload shelf retest/reclaim candidate.
09f68ddc54a49140,2026-07-14,MUSTARD_RELOAD,BAND,LONG,MUSTARD_EXHAUSTED,MUSTARD_EXHAUSTED,45.0,<60,LIMIT,75.71,60.488,76.6185,0.06,AVOID_LONG,NEUTRAL,OR_MIDDLE,0.455,0.417,2026-07-14T16:00,2026-07-14T16:00,True,,OPEN_WIN,0.0,0.0,-0.0,0.0,2026-07-14T16:00:00,,75.75,Mustard reload shelf retest/reclaim candidate.
06eb5335ae81498a,2026-07-14,MUSTARD_RELOAD,CAL,LONG,AVOID_STALLED_RETEST,AVOID_STALLED_RETEST,49.0,<60,LIMIT,11.3827,11.2266,11.4998,0.75,,,,,,2026-07-14T14:30,2026-07-14T14:30,True,,OPEN_LOSS,-0.47,0.11,-0.66,-0.47,2026-07-14T14:41:00,,11.31,Mustard reload shelf retest/reclaim candidate.
d705d59f208628c7,2026-07-14,MUSTARD_RELOAD,CAL,LONG,AVOID_STALLED_RETEST,AVOID_STALLED_RETEST,49.0,<60,LIMIT,11.3527,11.1672,11.4889,0.73,AVOID_LONG,AVOID_SHORT_CHASE,BELOW_ORL,0.0,0.057,2026-07-14T16:00,2026-07-14T16:00,True,,OPEN_LOSS,-0.23,-0.23,-0.23,-0.23,2026-07-14T16:00:00,,11.31,Mustard reload shelf retest/reclaim candidate.
1f39a3c1c1b8417d,2026-07-14,MUSTARD_RELOAD,CMPS,LONG,AVOID_STALLED_RETEST,AVOID_STALLED_RETEST,49.0,<60,LIMIT,13.39,12.9294,13.5507,0.35,,,,,,2026-07-14T14:30,2026-07-14T14:30,True,,OPEN_WIN,0.09,0.17,-0.17,0.09,2026-07-14T14:38:00,,13.43,Mustard reload shelf retest/reclaim candidate.
cc435a6903d4b6a1,2026-07-14,MUSTARD_RELOAD,CMPS,LONG,AVOID_STALLED_RETEST,AVOID_STALLED_RETEST,49.0,<60,LIMIT,13.4268,12.87,13.5879,0.29,AVOID_LONG_CHASE,AVOID_SHORT,ABOVE_ORH,1.0,0.83,2026-07-14T16:00,2026-07-14T16:00,True,,OPEN_WIN,0.01,0.01,-0.14,0.01,2026-07-14T16:00:00,,13.43,Mustard reload shelf retest/reclaim candidate.
808471bd295d0e7f,2026-07-14,MUSTARD_RELOAD,COMP,LONG,AVOID_STALLED_RETEST,AVOID_STALLED_RETEST,38.0,<60,LIMIT,11.7234,11.4939,11.8641,0.61,,,,,,2026-07-14T14:30,2026-07-14T14:30,True,,OPEN_LOSS,-0.19,0.03,-0.65,-0.19,2026-07-14T14:30:00,,11.68,Mustard reload shelf retest/reclaim candidate.
8f926ec09291ff16,2026-07-14,MUSTARD_RELOAD,COMP,LONG,AVOID_STALLED_RETEST,AVOID_STALLED_RETEST,49.0,<60,LIMIT,11.68,11.4048,11.8202,0.51,AVOID_LONG,NEUTRAL,OR_BOTTOM_THIRD,0.219,0.296,2026-07-14T16:00,2026-07-14T16:00,True,,OPEN_FLAT,0.0,0.0,-0.0,0.0,2026-07-14T16:00:00,,11.68,Mustard reload shelf retest/reclaim candidate.
a0f3c595aa258e28,2026-07-14,MUSTARD_RELOAD,CORT,LONG,WAIT_FOR_GREEN_VOLUME_RECLAIM,WAIT_FOR_GREEN_VOLUME_RECLAIM,49.0,<60,LIMIT,90.22,88.6644,91.3026,0.7,,,,,,2026-07-14T14:30,2026-07-14T14:30,True,,OPEN_WIN,0.16,0.43,-0.32,0.16,2026-07-14T14:33:00,,90.47,Mustard reload shelf retest/reclaim candidate.
047786f62183fab5,2026-07-14,MUSTARD_RELOAD,CORT,LONG,NO_PARENT_EDGE,NO_PARENT_EDGE,49.0,<60,LIMIT,90.47,88.6644,91.5556,0.6,AVOID_LONG_CHASE,AVOID_SHORT,ABOVE_ORH,1.0,0.908,2026-07-14T16:00,2026-07-14T16:00,True,,OPEN_FLAT,0.0,0.0,-0.0,0.0,2026-07-14T16:00:00,,90.47,Mustard reload shelf retest/reclaim candidate.
8971b095d7c6fdc9,2026-07-14,MUSTARD_RELOAD,CRSR,LONG,AVOID_STALLED_RETEST,AVOID_STALLED_RETEST,41.0,<60,LIMIT,9.6944,9.4545,9.8107,0.48,AVOID_LONG,AVOID_SHORT_CHASE,BELOW_ORL,0.0,0.0,2026-07-14T14:30,2026-07-14T16:00,True,,STOPPED,-1.0,0.07,-1.06,-1.06,2026-07-14T14:31:00,2026-07-14T16:22:00,9.4401,Mustard reload shelf retest/reclaim candidate.
be5685c62f41efa6,2026-07-14,MUSTARD_RELOAD,DDOG,LONG,AVOID_STALLED_RETEST,AVOID_STALLED_RETEST,11.0,<60,LIMIT,267.0781,258.4791,269.2685,0.25,,,,,,2026-07-14T14:30,2026-07-14T14:30,True,,TARGET_HIT,0.25,0.54,-0.16,0.46,2026-07-14T14:30:00,2026-07-14T15:55:00,271.0,Mustard reload shelf retest/reclaim candidate.
ed4129d4e79288fd,2026-07-14,MUSTARD_RELOAD,DDOG,LONG,AVOID_STALLED_RETEST,AVOID_STALLED_RETEST,49.0,<60,LIMIT,270.67,257.7564,273.918,0.25,AVOID_LONG_CHASE,AVOID_SHORT,ABOVE_ORH,1.0,0.994,2026-07-14T16:00,2026-07-14T16:00,True,,OPEN_WIN,0.03,0.08,-0.19,0.03,2026-07-14T16:00:00,,271.0,Mustard reload shelf retest/reclaim candidate.
82e5881b5a24b7b6,2026-07-14,MUSTARD_RELOAD,DYN,LONG,AVOID_STALLED_RETEST,AVOID_STALLED_RETEST,49.0,<60,LIMIT,23.88,23.2204,24.1666,0.43,,,,,,2026-07-14T14:30,2026-07-14T14:30,True,,OPEN_LOSS,-0.27,0.34,-0.88,-0.27,2026-07-14T14:41:00,,23.7,Mustard reload shelf retest/reclaim candidate.
63e8b730d8742dec,2026-07-14,MUSTARD_RELOAD,DYN,LONG,AVOID_STALLED_RETEST,AVOID_STALLED_RETEST,41.0,<60,LIMIT,23.8777,23.2204,24.1642,0.44,PULLBACK_BUY_ZONE,NEUTRAL,OR_MIDDLE,0.533,0.49,2026-07-14T16:00,2026-07-14T16:00,True,,OPEN_LOSS,-0.27,-0.15,-0.88,-0.27,2026-07-14T16:00:00,,23.7,Mustard reload shelf retest/reclaim candidate.
aa3a506044f13619,2026-07-14,MUSTARD_RELOAD,FROG,LONG,AVOID_STALLED_RETEST,AVOID_STALLED_RETEST,0.0,<60,LIMIT,90.2702,88.8922,91.3037,0.75,,,,,,2026-07-14T14:30,2026-07-14T14:30,True,,TARGET_HIT,0.75,0.94,-0.54,-0.27,2026-07-14T14:40:00,2026-07-14T14:51:00,89.9,Mustard reload shelf retest/reclaim candidate.
f642912005e80291,2026-07-14,MUSTARD_RELOAD,FROG,LONG,AVOID_STALLED_RETEST,AVOID_STALLED_RETEST,49.0,<60,LIMIT,91.17,89.3277,92.264,0.59,AVOID_LONG,AVOID_SHORT_CHASE,OR_BOTTOM_THIRD,0.102,0.087,2026-07-14T16:00,2026-07-14T16:00,True,,OPEN_LOSS,-0.69,0.1,-0.69,-0.69,2026-07-14T16:00:00,,89.9,Mustard reload shelf retest/reclaim candidate.
5431395707936b86,2026-07-14,MUSTARD_RELOAD,GH,LONG,AVOID_STALLED_RETEST,AVOID_STALLED_RETEST,0.0,<60,LIMIT,159.595,148.5297,161.5101,0.17,,,,,,2026-07-14T14:30,2026-07-14T14:30,True,,TARGET_HIT,0.17,0.22,-0.03,0.22,2026-07-14T14:30:00,2026-07-14T16:10:00,162.0,Mustard reload shelf retest/reclaim candidate.
17046b1fdba15fd4,2026-07-14,MUSTARD_RELOAD,GH,LONG,AVOID_STALLED_RETEST,AVOID_STALLED_RETEST,49.0,<60,LIMIT,162.0,158.2168,163.944,0.51,PULLBACK_BUY_ZONE,NEUTRAL,OR_TOP_THIRD,0.806,0.706,2026-07-14T16:00,2026-07-14T16:00,True,,OPEN_FLAT,0.0,0.0,-0.5,0.0,2026-07-14T16:00:00,,162.0,Mustard reload shelf retest/reclaim candidate.
5626332e5e19a6c4,2026-07-14,MUSTARD_RELOAD,GLUE,LONG,AVOID_STALLED_RETEST,AVOID_STALLED_RETEST,49.0,<60,LIMIT,23.3366,22.9482,23.6166,0.72,,,,,,2026-07-14T14:30,2026-07-14T14:30,True,,TARGET_HIT,0.72,1.04,-0.02,0.16,2026-07-14T14:42:00,2026-07-14T15:44:00,23.4,Mustard reload shelf retest/reclaim candidate.
18e385bd0e9a5b70,2026-07-14,MUSTARD_RELOAD,GLUE,LONG,MUSTARD_MIXED_RESEARCH,MUSTARD_MIXED_RESEARCH,49.0,<60,LIMIT,23.65,21.3557,23.9338,0.12,PULLBACK_BUY_ZONE,AVOID_SHORT,ABOVE_ORH,1.0,0.831,2026-07-14T16:00,2026-07-14T16:00,True,,OPEN_LOSS,-0.11,0.0,-0.11,-0.11,2026-07-14T16:00:00,,23.4,Mustard reload shelf retest/reclaim candidate.
c2296312dca92082,2026-07-14,MUSTARD_RELOAD,IOVA,LONG,AVOID_STALLED_RETEST,AVOID_STALLED_RETEST,0.0,<60,LIMIT,3.915,3.6828,3.962,0.2,,,,,,2026-07-14T14:30,2026-07-14T14:30,True,,TARGET_HIT,0.2,0.24,-0.02,0.15,2026-07-14T14:30:00,2026-07-14T15:56:00,3.9487,Mustard reload shelf retest/reclaim candidate.
07cde5bd8ed7159d,2026-07-14,MUSTARD_RELOAD,IOVA,LONG,AVOID_STALLED_RETEST,AVOID_STALLED_RETEST,0.0,<60,LIMIT,3.95,3.6828,3.9974,0.18,NEUTRAL,FIRST_RALLY_SHORT_ZONE,OR_BOTTOM_THIRD,0.191,0.286,2026-07-14T16:00,2026-07-14T16:00,True,,OPEN_LOSS,-0.0,0.04,-0.07,-0.0,2026-07-14T16:00:00,,3.9487,Mustard reload shelf retest/reclaim candidate.
7e5991c77f3d750b,2026-07-14,MUSTARD_RELOAD,NET,LONG,AVOID_STALLED_RETEST,AVOID_STALLED_RETEST,0.0,<60,LIMIT,277.15,266.9832,280.4758,0.33,,,,,,2026-07-14T14:30,2026-07-14T14:30,True,,TARGET_HIT,0.33,0.48,-0.01,0.41,2026-07-14T14:42:00,2026-07-14T15:56:00,281.32,Mustard reload shelf retest/reclaim candidate.
4567ab57fa28abae,2026-07-14,MUSTARD_RELOAD,NET,LONG,MUSTARD_MIXED_RESEARCH,MUSTARD_MIXED_RESEARCH,40.0,<60,LIMIT,279.533,246.0496,282.8873,0.1,PULLBACK_BUY_ZONE,NEUTRAL,OR_TOP_THIRD,0.929,0.822,2026-07-14T16:00,2026-07-14T16:00,True,,OPEN_WIN,0.05,0.07,-0.08,0.05,2026-07-14T16:09:00,,281.32,Mustard reload shelf retest/reclaim candidate.
f23402890db21e81,2026-07-14,MUSTARD_RELOAD,NTRA,LONG,AVOID_STALLED_RETEST,AVOID_STALLED_RETEST,0.0,<60,LIMIT,272.33,257.3703,275.598,0.22,,,,,,2026-07-14T14:30,2026-07-14T14:30,True,,OPEN_LOSS,-0.16,0.13,-0.16,-0.16,2026-07-14T14:41:00,,270.0,Mustard reload shelf retest/reclaim candidate.
8083a62028f64f98,2026-07-14,MUSTARD_RELOAD,NTRA,LONG,AVOID_STALLED_RETEST,AVOID_STALLED_RETEST,45.0,<60,LIMIT,273.4358,267.003,276.717,0.51,AVOID_LONG,AVOID_SHORT_CHASE,BELOW_ORL,0.0,0.0,2026-07-14T16:00,2026-07-14T16:00,True,,OPEN_LOSS,-0.53,-0.12,-0.53,-0.53,2026-07-14T16:00:00,,270.0,Mustard reload shelf retest/reclaim candidate.
ce2a9ab1bc57615f,2026-07-14,MUSTARD_RELOAD,OKTA,LONG,AVOID_STALLED_RETEST,AVOID_STALLED_RETEST,0.0,<60,LIMIT,152.88,140.0058,154.7146,0.14,,,,,,2026-07-14T14:30,2026-07-14T14:30,True,,TARGET_HIT,0.14,0.18,-0.05,0.16,2026-07-14T14:30:00,2026-07-14T15:50:00,155.0,Mustard reload shelf retest/reclaim candidate.
8bda000586e3d0ac,2026-07-14,MUSTARD_RELOAD,OKTA,LONG,MUSTARD_MIXED_RESEARCH,MUSTARD_MIXED_RESEARCH,10.0,<60,LIMIT,154.8,137.8801,156.6576,0.11,AVOID_LONG_CHASE,AVOID_SHORT,ABOVE_ORH,1.0,0.97,2026-07-14T16:00,2026-07-14T16:00,True,,OPEN_WIN,0.01,0.03,-0.07,0.01,2026-07-14T16:00:00,,155.0,Mustard reload shelf retest/reclaim candidate.
aa9067a8d659eb5f,2026-07-14,MUSTARD_RELOAD,PARR,LONG,MUSTARD_MIXED_RESEARCH,MUSTARD_MIXED_RESEARCH,49.0,<60,LIMIT,73.295,58.7133,74.1745,0.06,,,,,,2026-07-14T14:30,2026-07-14T14:30,True,,OPEN_WIN,0.02,0.04,-0.02,0.02,2026-07-14T14:31:00,,73.55,Mustard reload shelf retest/reclaim candidate.
8fb7fa5b47645045,2026-07-14,MUSTARD_RELOAD,PARR,LONG,MUSTARD_MIXED_RESEARCH,MUSTARD_MIXED_RESEARCH,49.0,<60,LIMIT,73.55,58.7133,74.4326,0.06,AVOID_LONG_CHASE,NEUTRAL,OR_TOP_THIRD,0.969,0.886,2026-07-14T16:00,2026-07-14T16:00,True,,OPEN_FLAT,0.0,0.02,-0.0,0.0,2026-07-14T16:00:00,,73.55,Mustard reload shelf retest/reclaim candidate.
36f0eec05ee698cb,2026-07-14,MUSTARD_RELOAD,PBF,LONG,MUSTARD_GRIND_LONG,MUSTARD_GRIND_LONG,49.0,<60,LIMIT,60.79,48.3146,61.5195,0.06,,,,,,2026-07-14T14:30,2026-07-14T14:30,True,,OPEN_WIN,0.01,0.02,-0.05,0.01,2026-07-14T14:30:00,,60.9546,Mustard reload shelf retest/reclaim candidate.
d52199635de04c8a,2026-07-14,MUSTARD_RELOAD,PBF,LONG,MUSTARD_GRIND_LONG,MUSTARD_GRIND_LONG,49.0,<60,LIMIT,60.89,48.3146,61.6207,0.06,AVOID_LONG_CHASE,AVOID_SHORT,ABOVE_ORH,1.0,0.981,2026-07-14T16:00,2026-07-14T16:00,True,,OPEN_WIN,0.01,0.01,-0.05,0.01,2026-07-14T16:00:00,,60.9546,Mustard reload shelf retest/reclaim candidate.
e1e615cbeb4752e7,2026-07-14,MUSTARD_RELOAD,PD,LONG,MUSTARD_GRIND_LONG,MUSTARD_GRIND_LONG,49.0,<60,LIMIT,11.1472,9.9201,11.281,0.11,,,,,,2026-07-14T14:30,2026-07-14T14:30,True,,OPEN_LOSS,-0.12,-0.04,-0.19,-0.12,2026-07-14T14:31:00,,10.995,Mustard reload shelf retest/reclaim candidate.
5e508d5db65f3f65,2026-07-14,MUSTARD_RELOAD,PD,LONG,MUSTARD_MIXED_RESEARCH,MUSTARD_MIXED_RESEARCH,49.0,<60,LIMIT,10.995,9.9201,11.1269,0.12,PULLBACK_BUY_ZONE,AVOID_SHORT,ABOVE_ORH,1.0,0.756,2026-07-14T15:45,2026-07-14T15:45,True,,OPEN_FLAT,0.0,0.06,-0.08,0.0,2026-07-14T15:45:00,,10.995,Mustard reload shelf retest/reclaim candidate.
7f3c38c92ba7ee6c,2026-07-14,MUSTARD_RELOAD,PHVS,LONG,AVOID_STALLED_RETEST,AVOID_STALLED_RETEST,0.0,<60,LIMIT,34.125,33.2492,34.5345,0.47,,,,,,2026-07-14T14:30,2026-07-14T14:30,True,,OPEN_WIN,0.34,0.42,-0.19,0.34,2026-07-14T14:41:00,,34.42,Mustard reload shelf retest/reclaim candidate.
5d908e5f37de351e,2026-07-14,MUSTARD_RELOAD,PHVS,LONG,AVOID_STALLED_RETEST,AVOID_STALLED_RETEST,49.0,<60,LIMIT,34.42,33.4026,34.833,0.41,RELOAD_ZONE,NEUTRAL,OR_BOTTOM_THIRD,0.277,0.387,2026-07-14T16:00,2026-07-14T16:00,True,,OPEN_FLAT,0.0,0.0,-0.0,0.0,2026-07-14T16:00:00,,34.42,Mustard reload shelf retest/reclaim candidate.
eb886e1a3fdd72b0,2026-07-14,MUSTARD_RELOAD,PRM,LONG,AVOID_STALLED_RETEST,AVOID_STALLED_RETEST,7.0,<60,LIMIT,33.041,32.4027,33.4374,0.62,,,,,,2026-07-14T14:30,2026-07-14T14:30,True,,TARGET_HIT,0.62,1.35,-0.35,0.41,2026-07-14T14:30:00,2026-07-14T15:59:00,33.3,Mustard reload shelf retest/reclaim candidate.
e97ecb3fc06bc74f,2026-07-14,MUSTARD_RELOAD,PRM,LONG,AVOID_STALLED_RETEST,AVOID_STALLED_RETEST,49.0,<60,LIMIT,33.32,32.571,33.7198,0.53,AVOID_LONG,CONTINUATION_SHORT,BELOW_ORL,0.0,0.466,2026-07-14T16:00,2026-07-14T16:00,True,,TARGET_HIT,0.53,0.77,-0.67,-0.03,2026-07-14T16:00:00,2026-07-14T18:19:00,33.3,Mustard reload shelf retest/reclaim candidate.
b8ee0da616e0b717,2026-07-14,MUSTARD_RELOAD,PSNL,LONG,MUSTARD_MIXED_RESEARCH,MUSTARD_MIXED_RESEARCH,49.0,<60,LIMIT,15.05,13.3698,15.1972,0.09,NEUTRAL,NEUTRAL,OR_MIDDLE,0.476,0.476,2026-07-14T14:30,2026-07-14T16:00,True,,OPEN_FLAT,0.0,0.04,-0.11,0.0,2026-07-14T14:30:00,,15.05,Mustard reload shelf retest/reclaim candidate.
af18a7019fe86a38,2026-07-14,MUSTARD_RELOAD,PTRN,LONG,AVOID_STALLED_RETEST,AVOID_STALLED_RETEST,0.0,<60,LIMIT,28.41,27.3339,28.7509,0.32,,,,,,2026-07-14T14:30,2026-07-14T14:30,True,,OPEN_WIN,0.14,0.14,-0.38,0.14,2026-07-14T14:41:00,,28.56,Mustard reload shelf retest/reclaim candidate.
b184229b309ce205,2026-07-14,MUSTARD_RELOAD,PTRN,LONG,MUSTARD_EXHAUSTED,MUSTARD_EXHAUSTED,23.0,<60,LIMIT,28.4668,26.0416,28.8084,0.14,NEUTRAL,AVOID_SHORT,OR_TOP_THIRD,0.981,0.774,2026-07-14T16:00,2026-07-14T16:00,True,,OPEN_WIN,0.04,0.04,-0.19,0.04,2026-07-14T16:00:00,,28.56,Mustard reload shelf retest/reclaim candidate.
472d22331c7bead3,2026-07-14,MUSTARD_RELOAD,RLAY,LONG,MUSTARD_EXHAUSTED,MUSTARD_EXHAUSTED,49.0,<60,LIMIT,18.8877,18.0756,19.1144,0.28,,,,,,2026-07-14T14:30,2026-07-14T14:30,True,,TARGET_HIT,0.28,0.32,-0.24,-0.24,2026-07-14T14:30:00,2026-07-14T15:49:00,18.69,Mustard reload shelf retest/reclaim candidate.
cf550c99fa2a3a56,2026-07-14,MUSTARD_RELOAD,RLAY,LONG,MUSTARD_EXHAUSTED,MUSTARD_EXHAUSTED,49.0,<60,LIMIT,19.08,18.0756,19.309,0.23,NEUTRAL,NEUTRAL,OR_MIDDLE,0.397,0.389,2026-07-14T16:00,2026-07-14T16:00,True,,OPEN_LOSS,-0.39,0.0,-0.39,-0.39,2026-07-14T16:00:00,,18.69,Mustard reload shelf retest/reclaim candidate.
0bcc39d91af7eb1d,2026-07-14,MUSTARD_RELOAD,RZLT,LONG,AVOID_STALLED_RETEST,AVOID_STALLED_RETEST,49.0,<60,LIMIT,4.8497,4.752,4.9079,0.6,PULLBACK_BUY_ZONE,NEUTRAL,OR_TOP_THIRD,0.955,0.764,2026-07-14T14:30,2026-07-14T16:00,True,,OPEN_LOSS,-0.2,0.36,-0.3,-0.2,2026-07-14T14:30:00,,4.83,Mustard reload shelf retest/reclaim candidate.
b31e6978314cec7a,2026-07-14,MUSTARD_RELOAD,SNDX,LONG,MUSTARD_MIXED_RESEARCH,MUSTARD_MIXED_RESEARCH,49.0,<60,LIMIT,23.9278,21.7944,24.2149,0.13,,,,,,2026-07-14T14:30,2026-07-14T14:30,True,,TARGET_HIT,0.13,0.32,-0.1,0.27,2026-07-14T14:30:00,2026-07-14T16:33:00,24.5,Mustard reload shelf retest/reclaim candidate.
780651c2a9c3ec9f,2026-07-14,MUSTARD_RELOAD,SNDX,LONG,MUSTARD_MIXED_RESEARCH,MUSTARD_MIXED_RESEARCH,49.0,<60,LIMIT,24.13,21.7944,24.4196,0.12,AVOID_LONG_CHASE,AVOID_SHORT,ABOVE_ORH,1.0,1.0,2026-07-14T16:00,2026-07-14T16:00,True,,TARGET_HIT,0.12,0.2,-0.0,0.16,2026-07-14T16:00:00,2026-07-14T16:33:00,24.5,Mustard reload shelf retest/reclaim candidate.
0033407646e2feb1,2026-07-14,MUSTARD_RELOAD,SRPT,LONG,AVOID_STALLED_RETEST,AVOID_STALLED_RETEST,22.0,<60,LIMIT,18.11,16.8894,18.3273,0.18,,,,,,2026-07-14T14:30,2026-07-14T14:30,True,,OPEN_LOSS,-0.16,0.04,-0.34,-0.16,2026-07-14T14:37:00,,17.92,Mustard reload shelf retest/reclaim candidate.
a1901df17fa52918,2026-07-14,MUSTARD_RELOAD,SRPT,LONG,AVOID_STALLED_RETEST,AVOID_STALLED_RETEST,49.0,<60,LIMIT,18.1212,17.6913,18.3386,0.51,AVOID_LONG,AVOID_SHORT_CHASE,BELOW_ORL,0.0,0.0,2026-07-14T16:00,2026-07-14T16:00,True,,OPEN_LOSS,-0.47,-0.31,-0.98,-0.47,2026-07-14T16:00:00,,17.92,Mustard reload shelf retest/reclaim candidate.
4693bf3f58070002,2026-07-14,MUSTARD_RELOAD,STGW,LONG,AVOID_STALLED_RETEST,AVOID_STALLED_RETEST,49.0,<60,LIMIT,7.6352,7.5437,7.7039,0.75,,,,,,2026-07-14T14:30,2026-07-14T14:30,True,,TARGET_HIT,0.75,1.25,-0.77,1.25,2026-07-14T14:41:00,2026-07-14T16:45:00,7.75,Mustard reload shelf retest/reclaim candidate.
96a4d1d16f300b5b,2026-07-14,MUSTARD_RELOAD,STGW,LONG,AVOID_STALLED_RETEST,AVOID_STALLED_RETEST,13.0,<60,LIMIT,7.5952,7.4349,7.6863,0.57,NEUTRAL,FIRST_RALLY_SHORT_ZONE,OR_MIDDLE,0.606,0.74,2026-07-14T16:00,2026-07-14T16:00,True,,TARGET_HIT,0.57,0.97,-0.03,0.97,2026-07-14T16:00:00,2026-07-14T16:45:00,7.75,Mustard reload shelf retest/reclaim candidate.
9862582668a9bd36,2026-07-14,MUSTARD_RELOAD,SYRE,LONG,AVOID_STALLED_RETEST,AVOID_STALLED_RETEST,0.0,<60,LIMIT,100.64,97.1982,101.8477,0.35,,,,,,2026-07-14T14:30,2026-07-14T14:30,True,,OPEN_LOSS,-0.04,0.11,-0.6,-0.04,2026-07-14T14:36:00,,100.5077,Mustard reload shelf retest/reclaim candidate.
1289838c2f074d35,2026-07-14,MUSTARD_RELOAD,SYRE,LONG,AVOID_STALLED_RETEST,AVOID_STALLED_RETEST,0.0,<60,LIMIT,98.95,97.1735,100.1374,0.67,PULLBACK_BUY_ZONE,AVOID_SHORT,ABOVE_ORH,1.0,0.548,2026-07-14T16:00,2026-07-14T16:00,True,,TARGET_HIT,0.67,0.88,-0.0,0.88,2026-07-14T16:00:00,2026-07-14T18:44:00,100.5077,Mustard reload shelf retest/reclaim candidate.
e221010fd07a90a1,2026-07-14,MUSTARD_RELOAD,TBLA,LONG,WAIT_FOR_GREEN_VOLUME_RECLAIM,WAIT_FOR_GREEN_VOLUME_RECLAIM,49.0,<60,LIMIT,5.5411,5.4202,5.6076,0.55,,,,,,2026-07-14T14:30,2026-07-14T14:30,True,,OPEN_LOSS,-0.95,0.4,-0.95,-0.95,2026-07-14T14:30:00,,5.426,Mustard reload shelf retest/reclaim candidate.
b37fc08eb9b37181,2026-07-14,MUSTARD_RELOAD,TBLA,LONG,WAIT_FOR_GREEN_VOLUME_RECLAIM,WAIT_FOR_GREEN_VOLUME_RECLAIM,31.0,<60,LIMIT,5.501,5.4153,5.5652,0.75,AVOID_LONG,AVOID_SHORT_CHASE,BELOW_ORL,0.0,0.0,2026-07-14T16:00,2026-07-14T16:00,True,,TARGET_HIT,0.75,1.04,-0.88,-0.88,2026-07-14T16:00:00,2026-07-14T16:45:00,5.426,Mustard reload shelf retest/reclaim candidate.
62d7edb461c992eb,2026-07-14,MUSTARD_RELOAD,TENB,LONG,MUSTARD_MIXED_RESEARCH,MUSTARD_MIXED_RESEARCH,14.0,<60,LIMIT,42.2944,38.4144,42.802,0.13,,,,,,2026-07-14T14:30,2026-07-14T14:30,True,,TARGET_HIT,0.13,0.21,-0.1,0.18,2026-07-14T14:30:00,2026-07-14T16:19:00,42.9796,Mustard reload shelf retest/reclaim candidate.
ec6560ccb5fdc3b1,2026-07-14,MUSTARD_RELOAD,TENB,LONG,MUSTARD_MIXED_RESEARCH,MUSTARD_MIXED_RESEARCH,49.0,<60,LIMIT,42.79,38.4144,43.3035,0.12,AVOID_LONG_CHASE,AVOID_SHORT,ABOVE_ORH,1.0,0.987,2026-07-14T16:00,2026-07-14T16:00,True,,OPEN_WIN,0.04,0.07,-0.03,0.04,2026-07-14T16:00:00,,42.9796,Mustard reload shelf retest/reclaim candidate.
4c898222f3f8118b,2026-07-14,MUSTARD_RELOAD,TGTX,LONG,MUSTARD_EXHAUSTED,MUSTARD_EXHAUSTED,35.0,<60,LIMIT,55.3304,51.849,55.9944,0.19,AVOID_LONG,AVOID_SHORT_CHASE,BELOW_ORL,0.0,0.047,2026-07-14T14:30,2026-07-14T16:00,True,,OPEN_LOSS,-0.14,0.07,-0.24,-0.14,2026-07-14T14:30:00,,54.85,Mustard reload shelf retest/reclaim candidate.
492c21c9b94b5aad,2026-07-14,MUSTARD_RELOAD,TOI,LONG,MUSTARD_MIXED_RESEARCH,MUSTARD_MIXED_RESEARCH,27.0,<60,LIMIT,6.3928,5.2592,6.4695,0.07,CONTINUATION_LONG,NEUTRAL,OR_MIDDLE,0.396,0.396,2026-07-14T14:30,2026-07-14T16:00,True,,OPEN_LOSS,-0.04,0.06,-0.13,-0.04,2026-07-14T14:30:00,,6.35,Mustard reload shelf retest/reclaim candidate.
30ed3594eb33f831,2026-07-14,MUSTARD_RELOAD,TRVI,LONG,AVOID_STALLED_RETEST,AVOID_STALLED_RETEST,49.0,<60,LIMIT,17.9,17.3943,18.1148,0.42,,,,,,2026-07-14T14:30,2026-07-14T14:30,True,,OPEN_WIN,0.14,0.14,-0.38,0.14,2026-07-14T14:31:00,,17.97,Mustard reload shelf retest/reclaim candidate.
02f6ca23828f39aa,2026-07-14,MUSTARD_RELOAD,TRVI,LONG,AVOID_STALLED_RETEST,AVOID_STALLED_RETEST,49.0,<60,LIMIT,17.91,17.4339,18.1249,0.45,PULLBACK_BUY_ZONE,AVOID_SHORT,ABOVE_ORH,1.0,0.94,2026-07-14T16:00,2026-07-14T16:00,True,,OPEN_WIN,0.13,0.13,-0.02,0.13,2026-07-14T16:00:00,,17.97,Mustard reload shelf retest/reclaim candidate.
f73aa63aa6728819,2026-07-14,MUSTARD_RELOAD,TXG,LONG,MUSTARD_MIXED_RESEARCH,MUSTARD_MIXED_RESEARCH,49.0,<60,LIMIT,45.1601,36.2908,45.7021,0.06,AVOID_LONG_CHASE,AVOID_SHORT,ABOVE_ORH,1.0,0.997,2026-07-14T14:30,2026-07-14T16:00,True,,TARGET_HIT,0.06,0.14,-0.07,0.07,2026-07-14T14:33:00,2026-07-14T15:59:00,45.81,Mustard reload shelf retest/reclaim candidate.
b7d455ddfdcc7b24,2026-07-14,MUSTARD_RELOAD,TYRA,LONG,WAIT_FOR_GREEN_VOLUME_RECLAIM,WAIT_FOR_GREEN_VOLUME_RECLAIM,49.0,<60,LIMIT,32.77,31.6503,33.1632,0.35,,,,,,2026-07-14T14:30,2026-07-14T14:30,True,,OPEN_WIN,0.22,0.34,-0.05,0.22,2026-07-14T14:32:00,,33.02,Mustard reload shelf retest/reclaim candidate.
0060ac1432f7e3d5,2026-07-14,MUSTARD_RELOAD,TYRA,LONG,NO_PARENT_EDGE,NO_PARENT_EDGE,49.0,<60,LIMIT,33.0259,32.5264,33.4005,0.75,AVOID_LONG_CHASE,AVOID_SHORT,ABOVE_ORH,1.0,0.904,2026-07-14T16:00,2026-07-14T16:00,True,,OPEN_LOSS,-0.01,-0.01,-0.01,-0.01,2026-07-14T16:00:00,,33.02,Mustard reload shelf retest/reclaim candidate.
75213a8a9a57d528,2026-07-14,MUSTARD_RELOAD,VOR,LONG,WAIT_FOR_GREEN_VOLUME_RECLAIM,WAIT_FOR_GREEN_VOLUME_RECLAIM,49.0,<60,LIMIT,18.67,18.2903,18.894,0.59,,,,,,2026-07-14T14:30,2026-07-14T14:30,True,,TARGET_HIT,0.59,0.61,-0.53,0.61,2026-07-14T14:31:00,2026-07-14T15:39:00,18.9,Mustard reload shelf retest/reclaim candidate.
dfbebda1caa2fccf,2026-07-14,MUSTARD_RELOAD,VOR,LONG,NO_PARENT_EDGE,NO_PARENT_EDGE,49.0,<60,LIMIT,18.7124,18.1368,18.9369,0.39,AVOID_LONG_CHASE,AVOID_SHORT,ABOVE_ORH,1.0,0.989,2026-07-14T15:45,2026-07-14T15:45,True,,OPEN_WIN,0.33,0.33,-0.42,0.33,2026-07-14T15:50:00,,18.9,Mustard reload shelf retest/reclaim candidate.
95f767fb0c286f07,2026-07-14,STATE_LOOKUP,AAOI,LONG,CHANNEL_GAP_BREAKOUT_LONG,CONVICTION,82.4,80-89,LIMIT,124.8,122.63,135.43,4.9,PULLBACK_BUY_ZONE,AVOID_SHORT,ABOVE_ORH,1.0,0.884,2026-07-14T12:07:41,2026-07-14T12:07:41,True,,STOPPED,-1.0,1.22,-1.07,1.06,2026-07-14T12:54:00,2026-07-14T13:17:00,127.1102,"CHANNEL-GAP BREAKOUT: ASC 5m channel projecting into 15m gap floor @ $117.50 (~-0d). Long $124.80, target $135.43."
bc044b5490a3c469,2026-07-14,STATE_LOOKUP,ACN,SHORT,BEAR_REJECTION_PENDING,CONVICTION,83.0,80-89,LIMIT,127.98,156.79,121.58,0.22,NEUTRAL,CONTINUATION_SHORT,OR_TOP_THIRD,0.866,0.67,2026-07-14T08:00:07,2026-07-14T08:00:07,True,,OPEN_LOSS,-0.25,0.03,-0.34,-0.25,2026-07-14T08:05:00,,135.18,LIMIT SHORT @ $127.98 on rally (0.6% above current $127.25). Stop $156.79. Anchor: daily 2803tk bear.
d3288dcd7061246c,2026-07-14,STATE_LOOKUP,ASAN,LONG,BULL_BOUNCE_CONFIRMED,CONVICTION,75.8,70-79,LIMIT,7.57,6.92,8.58,1.55,AVOID_LONG_CHASE,AVOID_SHORT,ABOVE_ORH,1.0,0.828,2026-07-14T13:02:51,2026-07-14T13:02:51,True,,OPEN_LOSS,-0.14,0.0,-0.33,-0.14,2026-07-14T13:03:00,,7.48,"Channel: 30m ASC, rails $7.30-$7.36. Recent low $7.36 → now $7.57 (+2.9%)"
300e0851f98c541c,2026-07-14,STATE_LOOKUP,BATL,LONG,BULL_BOUNCE_PENDING,CONVICTION,89.2,80-89,LIMIT,1.93,1.55,2.03,0.26,AVOID_LONG,FIRST_RALLY_SHORT_ZONE,BELOW_ORL,0.0,0.279,2026-07-14T03:37:59,2026-07-14T03:37:59,True,,OPEN_LOSS,-0.71,0.08,-0.87,-0.71,2026-07-14T04:01:00,,1.6599,LIMIT BUY @ $1.93 (2% pullback cap; anchor at $1.73 too far). Stop $1.55. Anchor: 4h 35tk.
04e5f223d4e9f249,2026-07-14,STATE_LOOKUP,BE,LONG,BULL_BOUNCE_PENDING,CONVICTION,80.8,80-89,LIMIT,233.0,175.79,244.64,0.2,AVOID_LONG,NEUTRAL,OR_MIDDLE,0.435,0.628,2026-07-14T08:23:00,2026-07-14T08:23:00,True,,NO_FILL,0.0,0.0,0.0,,,,245.5,LIMIT BUY @ $233.00 (2% pullback cap; anchor at $189.72 too far). Stop $175.79. Anchor: daily 2612tk.
e633dd4f29f88e32,2026-07-14,STATE_LOOKUP,CBRS,LONG,BULL_BOUNCE_PENDING,CONVICTION,78.0,70-79,LIMIT,196.27,178.28,206.09,0.55,NEUTRAL,AVOID_SHORT,OR_TOP_THIRD,0.797,0.797,2026-07-14T03:38:41,2026-07-14T03:38:41,True,,OPEN_WIN,0.44,0.47,-0.51,0.44,2026-07-14T09:34:00,,204.1181,LIMIT BUY @ $196.27 (2% pullback cap; anchor at $185.31 too far). Stop $178.28. Anchor: daily 719tk.
1a733b3f8ea44e19,2026-07-14,STATE_LOOKUP,CBRS,SHORT,BEAR_REJECTION_PENDING,CONVICTION,83.5,80-89,LIMIT,205.82,216.11,188.91,1.64,NEUTRAL,AVOID_SHORT,OR_TOP_THIRD,0.797,0.797,2026-07-14T04:12:17,2026-07-14T04:12:17,True,,TARGET_HIT,1.64,1.81,-0.5,0.17,2026-07-14T04:18:00,2026-07-14T10:05:00,204.1181,LIMIT SHORT @ $205.82 on rally (0.3% above current $205.29). Stop $216.11. Anchor: 45m 922tk bear.
7d3590172c103732,2026-07-14,STATE_LOOKUP,CBRS,LONG,BULL_BOUNCE_CONFIRMED,CONVICTION,84.5,80-89,LIMIT,209.6,199.95,220.08,1.09,NEUTRAL,AVOID_SHORT,OR_TOP_THIRD,0.797,0.797,2026-07-14T08:34:25,2026-07-14T08:34:25,True,,STOPPED,-1.0,0.03,-2.33,-0.57,2026-07-14T08:35:00,2026-07-14T09:32:00,204.1181,"Channel: 10m ASC, rails $203.60-$207.15. Recent low $204.00 → now $209.60 (+2.7%)"
00459286569612e3,2026-07-14,STATE_LOOKUP,CLSK,LONG,BULL_BOUNCE_PENDING,CONVICTION,100.0,90+,MARKET,14.45,13.72,15.94,2.04,CONTINUATION_LONG,NEUTRAL,OR_BOTTOM_THIRD,0.333,0.357,2026-07-14T07:35:18,2026-07-14T07:35:18,True,,STOPPED,-1.0,0.89,-2.26,-1.14,2026-07-14T07:36:00,2026-07-14T09:34:00,13.62,MARKET BUY @ ~$14.45 (CONVICTION score 100). Stop $13.72. Anchor: daily 101tk @ $12.95.
9acd209b60be804d,2026-07-14,STATE_LOOKUP,COIN,LONG,BULL_BOUNCE,CONVICTION,76.8,70-79,LIMIT,156.2,146.55,179.21,2.38,AVOID_LONG_CHASE,AVOID_SHORT,ABOVE_ORH,1.0,1.0,2026-07-14T07:49:51,2026-07-14T07:49:51,True,,OPEN_WIN,0.68,0.74,-0.02,0.68,2026-07-14T07:50:00,,162.8,"Channel: 15m ASC, rails $156.00-$157.51"
2a4427e2d313f0d5,2026-07-14,STATE_LOOKUP,CPNG,SHORT,BEAR_REJECTION_PENDING,CONVICTION,83.0,80-89,LIMIT,18.2,20.49,17.29,0.4,NEUTRAL,CONTINUATION_SHORT,OR_MIDDLE,0.633,0.633,2026-07-14T07:35:40,2026-07-14T07:35:40,True,,NO_FILL,0.0,0.0,0.0,,,,17.76,LIMIT SHORT @ $18.20 on rally (1.6% above current $17.91). Stop $20.49. Anchor: daily 220tk bear.
8b6a59de27d23e43,2026-07-14,STATE_LOOKUP,CPNG,LONG,BULL_BOUNCE_PENDING,CONVICTION,76.7,70-79,LIMIT,17.56,16.74,19.88,2.83,NEUTRAL,CONTINUATION_SHORT,OR_MIDDLE,0.633,0.633,2026-07-14T07:35:40,2026-07-14T07:35:40,True,,OPEN_WIN,0.24,0.34,-0.29,0.24,2026-07-14T09:48:00,,17.76,LIMIT BUY @ $17.56 (2% pullback cap; anchor at $17.01 too far). Stop $16.74. Anchor: weekly 38tk.
61437ef9174ccbd8,2026-07-14,STATE_LOOKUP,CRCL,SHORT,BEAR_REJECTION_PENDING,CONVICTION,76.0,70-79,LIMIT,61.66,63.39,53.8,4.54,AVOID_LONG_CHASE,AVOID_SHORT,ABOVE_ORH,1.0,0.924,2026-07-14T07:35:52,2026-07-14T07:35:52,True,,STOPPED,-1.0,1.37,-1.06,-0.87,2026-07-14T07:49:00,2026-07-14T11:48:00,63.17,LIMIT SHORT @ $61.66 on rally (0.1% above current $61.59). Stop $63.39. Anchor: daily 135tk bear.
8f4a8ca738bf042f,2026-07-14,STATE_LOOKUP,CRCL,LONG,BULL_BOUNCE_PENDING,CONVICTION,74.7,70-79,LIMIT,58.52,48.24,61.45,0.29,,,,,,2026-07-14T09:48:34,2026-07-14T09:48:34,True,,NO_FILL,0.0,0.0,0.0,,,,63.17,LIMIT BUY @ $58.52 (2% pullback cap; anchor at $49.99 too far). Stop $48.24. Anchor: 1h 198tk.
ec9e3853c6981b30,2026-07-14,STATE_LOOKUP,CSGP,SHORT,BEAR_REJECTION_PENDING,CONVICTION,84.4,80-89,LIMIT,27.55,28.03,26.17,2.87,AVOID_LONG_CHASE,AVOID_SHORT,ABOVE_ORH,1.0,0.856,2026-07-14T07:37:13,2026-07-14T07:37:13,True,,OPEN_LOSS,-0.54,1.81,-0.94,-0.54,2026-07-14T09:31:00,,27.81,LIMIT SHORT @ $27.13 on rally (0.2% above current $27.07). Stop $28.91. Anchor: daily 165tk bear.
d7e5ac5e20f594e2,2026-07-14,STATE_LOOKUP,CVNA,LONG,BULL_BOUNCE_PENDING,CONVICTION,81.0,80-89,LIMIT,63.67,53.36,66.85,0.31,PULLBACK_BUY_ZONE,AVOID_SHORT,ABOVE_ORH,1.0,0.864,2026-07-14T07:39:09,2026-07-14T07:39:09,True,,NO_FILL,0.0,0.0,0.0,,,,70.49,LIMIT BUY @ $63.67 (2% pullback cap; anchor at $54.66 too far). Stop $53.36. Anchor: weekly 208tk.
3db0bd005a8d7900,2026-07-14,STATE_LOOKUP,FCEL,LONG,BULL_BOUNCE_PENDING,CONVICTION,74.8,70-79,LIMIT,18.26,16.25,19.17,0.45,,,,,,2026-07-14T01:09:08,2026-07-14T01:09:08,True,,NO_FILL,0.0,0.0,0.0,,,,21.5794,LIMIT BUY @ $18.26 (2% pullback cap; anchor at $17.66 too far). Stop $16.25. Anchor: weekly 42tk.
04832fc0e20dd9cd,2026-07-14,STATE_LOOKUP,FPS,SHORT,BEAR_REJECTION_PENDING,CONVICTION,75.0,70-79,LIMIT,44.13,45.98,40.38,2.03,NEUTRAL,FIRST_RALLY_SHORT_ZONE,OR_BOTTOM_THIRD,0.038,0.152,2026-07-14T07:38:09,2026-07-14T07:38:09,True,,OPEN_WIN,1.48,1.77,-0.19,1.48,2026-07-14T09:30:00,,41.4,LIMIT SHORT @ $44.13 (2% rally cap; anchor at $44.56 too far). Stop $45.98. Anchor: weekly 119tk bear.
7b5046a7c3ef83c0,2026-07-14,STATE_LOOKUP,GLW,LONG,BULL_BOUNCE_PENDING,CONVICTION,74.3,70-79,STOP,193.9,184.32,215.91,2.3,,,,,,2026-07-14T08:23:45,2026-07-14T08:23:45,True,,OPEN_LOSS,-0.56,0.17,-0.82,-0.56,2026-07-14T08:30:00,,188.5,"BUY-STOP @ $193.90 (above today's high $193.71). Stop $184.32 (1.5xATR). Score 74, strength=2/4, regime=FAVORABLE. BREAKOUT_FOLLOW."
69aa2ed1fff1e3bb,2026-07-14,STATE_LOOKUP,HBM,LONG,BULL_BOUNCE_PENDING,CONVICTION,84.0,80-89,STOP,21.93,21.1,24.44,3.02,PULLBACK_BUY_ZONE,NEUTRAL,OR_TOP_THIRD,0.802,0.748,2026-07-14T09:30:45,2026-07-14T09:30:45,True,,OPEN_WIN,0.86,1.04,0.35,0.86,2026-07-14T09:31:00,,22.6412,"BUY-STOP @ $22.81 (above today's high $22.79). Stop $21.1 (1.5xATR). Score 84, strength=2/4, regime=FAVORABLE. BREAKOUT_FOLLOW."
91830bcc3e25cb10,2026-07-14,STATE_LOOKUP,IBM,LONG,BULL_BOUNCE_PENDING,CONVICTION,97.3,90+,MARKET,230.15,222.38,249.15,2.45,NEUTRAL,FIRST_RALLY_SHORT_ZONE,OR_BOTTOM_THIRD,0.269,0.376,2026-07-14T07:35:40,2026-07-14T07:35:40,True,,STOPPED,-1.0,0.45,-2.18,-1.37,2026-07-14T07:36:00,2026-07-14T07:44:00,219.5,MARKET BUY @ ~$218.56 (CONVICTION score 97). Stop $205.63. Anchor: daily 75tk @ $210.62.
40eb530b4ae85ac3,2026-07-14,STATE_LOOKUP,IBM,SHORT,BEAR_REJECTION_PENDING,CONVICTION,79.0,70-79,LIMIT,226.03,291.68,214.73,0.17,NEUTRAL,FIRST_RALLY_SHORT_ZONE,OR_BOTTOM_THIRD,0.269,0.376,2026-07-14T07:45:33,2026-07-14T07:45:33,True,,TARGET_HIT,0.17,0.2,-0.06,0.1,2026-07-14T08:28:00,2026-07-14T11:17:00,219.5,LIMIT SHORT @ $226.03 (2% rally cap; anchor at $226.37 too far). Stop $291.68. Anchor: daily 6387tk bear.
2a8dc9468f4795c1,2026-07-14,STATE_LOOKUP,MRVL,LONG,BULL_BOUNCE_PENDING,CONVICTION,81.8,80-89,LIMIT,226.17,219.68,237.79,1.79,AVOID_LONG,NEUTRAL,OR_MIDDLE,0.359,0.359,2026-07-14T08:31:59,2026-07-14T08:31:59,True,,STOPPED,-1.0,0.16,-1.16,-0.42,2026-07-14T09:43:00,2026-07-14T10:15:00,223.43,LIMIT BUY @ $215.21 (2% pullback cap; anchor at $193.62 too far). Stop $187.13. Anchor: daily 222tk.
d9dbecca49051905,2026-07-14,STATE_LOOKUP,NIVF,LONG,CHANNEL_GAP_BREAKOUT_LONG,CONVICTION,86.0,80-89,LIMIT,1.43,1.38,1.5,1.4,AVOID_LONG,AVOID_SHORT_CHASE,BELOW_ORL,0.0,0.0,2026-07-14T10:22:46,2026-07-14T10:22:46,True,,STOPPED,-1.0,0.4,-2.2,-2.0,2026-07-14T10:23:00,2026-07-14T18:10:00,1.33,"CHANNEL-GAP BREAKOUT: ASC 30m channel projecting into 4h gap floor @ $1.40 (~0d). Long $1.43, target $1.50."
4603117f2e74b3cb,2026-07-14,STATE_LOOKUP,ORKT,LONG,BULL_BOUNCE_PENDING,CONVICTION,74.8,70-79,STOP,0.98,0.91,1.03,0.71,NEUTRAL,AVOID_SHORT,OR_TOP_THIRD,0.667,0.667,2026-07-14T01:09:58,2026-07-14T01:09:58,True,,TARGET_HIT,0.71,0.71,-0.36,0.57,2026-07-14T09:25:00,2026-07-14T10:08:00,1.02,"BUY-STOP @ $1.07 (above today's high $1.07). Stop $0.93 (1.5xATR). Score 75, strength=2/4, regime=FAVORABLE. BREAKOUT_FOLLOW."
e92291b10e4d219e,2026-07-14,STATE_LOOKUP,OSS,LONG,BULL_BOUNCE_PENDING,CONVICTION,93.0,90+,MARKET,12.82,9.93,13.46,0.22,AVOID_LONG,AVOID_SHORT_CHASE,BELOW_ORL,0.0,0.032,2026-07-14T01:08:56,2026-07-14T01:08:56,True,,TARGET_HIT,0.22,0.5,0.13,0.24,2026-07-14T04:00:00,2026-07-14T07:09:00,13.5245,MARKET BUY @ ~$13.40 (CONVICTION score 93). Stop $12.73. Anchor: daily 145tk @ $10.71.
b572ac67b5d372cb,2026-07-14,STATE_LOOKUP,OUST,SHORT,BEAR_REJECTION_PENDING,CONVICTION,77.0,70-79,LIMIT,40.55,43.78,35.26,1.64,PULLBACK_BUY_ZONE,AVOID_SHORT,ABOVE_ORH,1.0,0.629,2026-07-14T03:37:23,2026-07-14T03:37:23,True,,OPEN_LOSS,-0.55,-0.02,-0.85,-0.55,2026-07-14T04:15:00,,42.33,LIMIT SHORT @ $40.55 (2% rally cap; anchor at $41.80 too far). Stop $43.78. Anchor: weekly 149tk bear.
aa5212174d4f457a,2026-07-14,STATE_LOOKUP,PGY,LONG,BULL_BOUNCE_PENDING,CONVICTION,77.9,70-79,STOP,17.11,16.46,19.24,3.28,PULLBACK_BUY_ZONE,NEUTRAL,OR_TOP_THIRD,0.933,0.811,2026-07-14T03:37:13,2026-07-14T03:37:13,True,,OPEN_WIN,1.57,1.87,0.14,1.57,2026-07-14T04:06:00,,18.1292,"BUY-STOP @ $18.21 (above today's high $18.19). Stop $16.55 (1.5xATR). Score 78, strength=2/4, regime=FAVORABLE. BREAKOUT_FOLLOW."
121c038171061cce,2026-07-14,STATE_LOOKUP,PLMK,LONG,BULL_BOUNCE_PENDING,CONVICTION,77.0,70-79,STOP,11.07,10.43,11.63,0.88,RELOAD_ZONE,AVOID_SHORT_CHASE,OR_BOTTOM_THIRD,0.0,0.0,2026-07-14T01:10:08,2026-07-14T01:10:08,True,,OPEN_LOSS,-0.27,0.36,-0.27,-0.27,2026-07-14T09:27:00,,10.9,"BUY-STOP @ $12.01 (above today's high $12.00). Stop $11.49 (1.5xATR). Score 77, strength=2/4, regime=FAVORABLE. BREAKOUT_FOLLOW."
c4ad4249edacc18f,2026-07-14,STATE_LOOKUP,PMI,LONG,BULL_BOUNCE_PENDING,CONVICTION,95.6,90+,MARKET,0.14,0.14,0.16,,AVOID_LONG,AVOID_SHORT,OR_MIDDLE,0.505,0.505,2026-07-14T03:38:50,2026-07-14T03:38:50,False,long_levels_not_stop_entry_target,NOT_TRACKABLE,,,,,,,,MARKET BUY @ ~$0.20 (CONVICTION score 96). Stop $0.19. Anchor: 4h 1tk @ $0.17.
027e6d2b0f0212c4,2026-07-14,STATE_LOOKUP,QBTS,LONG,BULL_BOUNCE_PENDING,CONVICTION,84.2,80-89,LIMIT,18.36,16.89,21.22,1.95,NEUTRAL,NEUTRAL,OR_MIDDLE,0.496,0.496,2026-07-14T07:36:33,2026-07-14T07:36:33,True,,NO_FILL,0.0,0.0,0.0,,,,18.95,LIMIT BUY @ $18.36 (2% pullback cap; anchor at $17.75 too far). Stop $16.89. Anchor: daily 156tk.
608423bdaee018c4,2026-07-14,STATE_LOOKUP,RIOT,LONG,BULL_BOUNCE_PENDING,CONVICTION,82.1,80-89,LIMIT,20.33,19.68,22.2,2.88,AVOID_LONG,NEUTRAL,OR_BOTTOM_THIRD,0.314,0.367,2026-07-14T07:57:55,2026-07-14T07:57:55,True,,STOPPED,-1.0,0.37,-1.18,-0.05,2026-07-14T10:01:00,2026-07-14T13:04:00,20.3004,LIMIT BUY @ $19.54 (2% pullback cap; anchor at $18.94 too far). Stop $18.29. Anchor: daily 52tk.
d03885e72fed62e2,2026-07-14,STATE_LOOKUP,RKT,LONG,BULL_BOUNCE_PENDING,CONVICTION,74.6,70-79,STOP,13.69,13.4,14.2,1.76,,,,,,2026-07-14T07:36:38,2026-07-14T07:36:38,True,,TARGET_HIT,1.76,3.52,0.62,2.12,2026-07-14T07:43:00,2026-07-14T08:31:00,14.3056,"BUY-STOP @ $14.72 (above today's high $14.71). Stop $13.44 (1.5xATR). Score 75, strength=2/4, regime=FAVORABLE. BREAKOUT_FOLLOW."
475d2370082c40a9,2026-07-14,STATE_LOOKUP,RUN,LONG,BULL_BOUNCE_PENDING,CONVICTION,80.0,80-89,LIMIT,12.19,9.19,12.8,0.2,PULLBACK_BUY_ZONE,NEUTRAL,OR_TOP_THIRD,0.664,0.657,2026-07-14T07:38:04,2026-07-14T07:38:04,True,,TARGET_HIT,0.2,0.27,-0.03,0.21,2026-07-14T09:26:00,2026-07-14T09:37:00,12.81,LIMIT BUY @ $12.19 (2% pullback cap; anchor at $10.22 too far). Stop $9.19. Anchor: daily 196tk.
604b22cd09876ab2,2026-07-14,STATE_LOOKUP,SAIL,SHORT,BEAR_REJECTION_PENDING,CONVICTION,89.0,80-89,LIMIT,14.27,15.56,11.9,1.84,PULLBACK_BUY_ZONE,AVOID_SHORT,ABOVE_ORH,1.0,0.814,2026-07-14T04:18:03,2026-07-14T04:18:03,True,,OPEN_LOSS,-0.61,0.09,-0.88,-0.61,2026-07-14T09:41:00,,15.0507,LIMIT SHORT @ $15.66 (2% rally cap; anchor at $15.66 too far). Stop $17.78. Anchor: daily 204tk bear.
4265c6b7b7b31242,2026-07-14,STATE_LOOKUP,TOON,LONG,BULL_BOUNCE_PENDING,CONVICTION,80.9,80-89,STOP,0.57,0.53,0.66,2.25,CONTINUATION_LONG,AVOID_SHORT,OR_TOP_THIRD,0.698,0.698,2026-07-14T04:10:06,2026-07-14T04:10:06,True,,TARGET_HIT,2.25,5.08,-1.66,1.49,2026-07-14T04:31:00,2026-07-14T09:10:00,0.6295,"BUY-STOP @ $0.68 (above today's high $0.68). Stop $0.59 (1.5xATR). Score 81, strength=2/4, regime=FAVORABLE. BREAKOUT_FOLLOW."
891ddbd6edaab948,2026-07-14,STATE_LOOKUP,WOLF,LONG,BULL_BOUNCE_PENDING,CONVICTION,74.8,70-79,LIMIT,32.73,30.13,37.44,1.81,NEUTRAL,NEUTRAL,OR_TOP_THIRD,0.717,0.717,2026-07-14T03:37:31,2026-07-14T03:37:31,True,,NO_FILL,0.0,0.0,0.0,,,,35.3,LIMIT BUY @ $32.73 (2% pullback cap; anchor at $31.70 too far). Stop $30.13. Anchor: weekly 95tk.
47453a13f43d5484,2026-07-14,STATE_LOOKUP,XE,LONG,DOUBLE_REJECTION_LONG,CONVICTION,81.0,80-89,LIMIT,15.53,15.36,16.72,7.0,RELOAD_ZONE,FIRST_RALLY_SHORT_ZONE,OR_BOTTOM_THIRD,0.327,0.368,2026-07-14T08:23:16,2026-07-14T08:23:16,True,,STOPPED,-1.0,2.0,-2.18,-0.77,2026-07-14T08:29:00,2026-07-14T09:46:00,15.3986,"DOUBLE BOUNCE: 10m DESC channel lower rail + 1h bull gap ceiling stacked @ $15.55. Long $15.53, stop $15.36, target next gap $16.72."
5172ac2a1e591e44,2026-07-14,STATE_LOOKUP,XE,SHORT,CHANNEL_GAP_BREAKDOWN_SHORT,CONVICTION,79.0,70-79,LIMIT,15.53,15.7,14.75,4.59,RELOAD_ZONE,FIRST_RALLY_SHORT_ZONE,OR_BOTTOM_THIRD,0.327,0.368,2026-07-14T08:23:16,2026-07-14T08:23:16,True,,STOPPED,-1.0,2.18,-2.0,0.77,2026-07-14T08:27:00,2026-07-14T08:32:00,15.3986,"CHANNEL-GAP BREAKDOWN: DESC 10m channel projecting into daily gap top @ $15.96 (~-1d). Short $15.53, target $14.75."
c64843a733585301,2026-07-14,STOCK_CLOCK,AAOI,LONG,BEAR_REJECTION_PENDING,BUY_ZONE,72.0,70-79,SHADOW_REFERENCE,123.13,116.9735,233.6433,17.951,,,,,,2026-07-14T14:47:16-04:00,2026-07-14T14:47:16-04:00,True,SHADOW_ONLY_CLOCK_NOT_A_BOT_ROUTE,OPEN_WIN,0.65,0.7,0.11,0.65,2026-07-14T14:48:00,,127.1102,Stock Clock / Micro Clocks phase candidate bridged into the contract spine.
9e638bdcb50e4fc5,2026-07-14,STOCK_CLOCK,AG,LONG,BULL_BOUNCE_PENDING,BUY_ZONE,52.0,<70,SHADOW_REFERENCE,17.29,16.4255,32.0185,17.037,,,,,,2026-07-14T14:47:16-04:00,2026-07-14T14:47:16-04:00,True,SHADOW_ONLY_CLOCK_NOT_A_BOT_ROUTE,NO_FILL,0.0,0.0,0.0,,,,16.929,Stock Clock / Micro Clocks phase candidate bridged into the contract spine.
5905396cc4b29670,2026-07-14,STOCK_CLOCK,AMAT,LONG,BEAR_REJECTION_PENDING,BUY_ZONE,61.0,<70,SHADOW_REFERENCE,598.1489,568.2415,739.3682,4.722,,,,,,2026-07-14T14:47:16-04:00,2026-07-14T14:47:16-04:00,True,SHADOW_ONLY_CLOCK_NOT_A_BOT_ROUTE,OPEN_WIN,0.24,0.26,-0.2,0.24,2026-07-14T14:52:00,,605.456,Stock Clock / Micro Clocks phase candidate bridged into the contract spine.
a84574f51bbaed52,2026-07-14,STOCK_CLOCK,AMKR,LONG,BULL_BOUNCE_PENDING,BUY_ZONE,50.0,<70,SHADOW_REFERENCE,72.9,69.255,96.6844,6.525,,,,,,2026-07-14T14:47:16-04:00,2026-07-14T14:47:16-04:00,True,SHADOW_ONLY_CLOCK_NOT_A_BOT_ROUTE,NO_FILL,0.0,0.0,0.0,,,,71.0,Stock Clock / Micro Clocks phase candidate bridged into the contract spine.
c4c6aa86fa1ae4c7,2026-07-14,STOCK_CLOCK,AMPG,LONG,BEAR_REJECTION_PENDING,BUY_ZONE,41.0,<70,SHADOW_REFERENCE,6.62,6.289,10.1069,10.534,,,,,,2026-07-14T14:47:16-04:00,2026-07-14T14:47:16-04:00,True,SHADOW_ONLY_CLOCK_NOT_A_BOT_ROUTE,OPEN_WIN,1.6,1.99,0.91,1.6,2026-07-14T14:48:00,,7.1495,Stock Clock / Micro Clocks phase candidate bridged into the contract spine.
0c7c57af3d71010a,2026-07-14,STOCK_CLOCK,AMPL,LONG,BULL_BOUNCE_PENDING,BUY_ZONE,52.0,<70,SHADOW_REFERENCE,9.38,8.911,14.4977,10.912,,,,,,2026-07-14T14:47:16-04:00,2026-07-14T14:47:16-04:00,True,SHADOW_ONLY_CLOCK_NOT_A_BOT_ROUTE,OPEN_WIN,0.26,0.91,0.26,0.26,2026-07-14T14:48:00,,9.5,Stock Clock / Micro Clocks phase candidate bridged into the contract spine.
a5270168713e7d7c,2026-07-14,STOCK_CLOCK,ATAI,LONG,BULL_BOUNCE_PENDING,BUY_ZONE,55.0,<70,SHADOW_REFERENCE,5.3494,5.0819,6.7458,5.22,,,,,,2026-07-14T14:47:16-04:00,2026-07-14T14:47:16-04:00,True,SHADOW_ONLY_CLOCK_NOT_A_BOT_ROUTE,OPEN_WIN,1.5,1.61,0.94,1.5,2026-07-14T14:48:00,,5.75,Stock Clock / Micro Clocks phase candidate bridged into the contract spine.
a7139ec890a6a12f,2026-07-14,STOCK_CLOCK,BOBS,LONG,BEAR_REJECTION_PENDING,BUY_ZONE,64.0,<70,SHADOW_REFERENCE,15.8,15.01,23.477,9.718,,,,,,2026-07-14T14:47:16-04:00,2026-07-14T14:47:16-04:00,True,SHADOW_ONLY_CLOCK_NOT_A_BOT_ROUTE,NO_FILL,0.0,0.0,0.0,,,,15.64,Stock Clock / Micro Clocks phase candidate bridged into the contract spine.
f19b66fa6e815903,2026-07-14,STOCK_CLOCK,CCC,LONG,BULL_BOUNCE_PENDING,BUY_ZONE,52.0,<70,SHADOW_REFERENCE,6.08,5.776,10.5009,14.542,,,,,,2026-07-14T14:47:16-04:00,2026-07-14T14:47:16-04:00,True,SHADOW_ONLY_CLOCK_NOT_A_BOT_ROUTE,OPEN_WIN,0.1,0.23,-0.15,0.1,2026-07-14T14:48:00,,6.11,Stock Clock / Micro Clocks phase candidate bridged into the contract spine.
3ed223126d11bc48,2026-07-14,STOCK_CLOCK,CDE,LONG,BULL_BOUNCE_PENDING,BUY_ZONE,40.0,<70,SHADOW_REFERENCE,16.04,15.238,27.7509,14.602,,,,,,2026-07-14T14:47:16-04:00,2026-07-14T14:47:16-04:00,True,SHADOW_ONLY_CLOCK_NOT_A_BOT_ROUTE,OPEN_FLAT,0.0,0.06,-0.14,0.0,2026-07-14T14:59:00,,16.04,Stock Clock / Micro Clocks phase candidate bridged into the contract spine.
85d55ebbc1845c8e,2026-07-14,STOCK_CLOCK,CRSR,LONG,BULL_BOUNCE_PENDING,BUY_ZONE,55.0,<70,SHADOW_REFERENCE,9.54,9.063,13.1044,7.473,,,,,,2026-07-14T14:47:16-04:00,2026-07-14T14:47:16-04:00,True,SHADOW_ONLY_CLOCK_NOT_A_BOT_ROUTE,OPEN_LOSS,-0.21,0.36,-0.21,-0.21,2026-07-14T14:48:00,,9.4401,Stock Clock / Micro Clocks phase candidate bridged into the contract spine.
31f18b6ea74a290c,2026-07-14,STOCK_CLOCK,ENPH,LONG,BEAR_REJECTION_PENDING,BUY_ZONE,58.0,<70,SHADOW_REFERENCE,45.0,42.75,73.7705,12.787,,,,,,2026-07-14T14:47:16-04:00,2026-07-14T14:47:16-04:00,True,SHADOW_ONLY_CLOCK_NOT_A_BOT_ROUTE,OPEN_WIN,0.1,0.21,-0.2,0.1,2026-07-14T14:53:00,,45.22,Stock Clock / Micro Clocks phase candidate bridged into the contract spine.
234ce7f309e4abbc,2026-07-14,STOCK_CLOCK,ENTG,LONG,BULL_BOUNCE_PENDING,BUY_ZONE,74.0,70-79,SHADOW_REFERENCE,148.6356,141.2038,186.963,5.157,,,,,,2026-07-14T14:47:16-04:00,2026-07-14T14:47:16-04:00,True,SHADOW_ONLY_CLOCK_NOT_A_BOT_ROUTE,NO_FILL,0.0,0.0,0.0,,,,139.93,Stock Clock / Micro Clocks phase candidate bridged into the contract spine.
7aa60a5a3d0db3d5,2026-07-14,STOCK_CLOCK,ERAS,LONG,BEAR_REJECTION_PENDING,BUY_ZONE,49.0,<70,SHADOW_REFERENCE,19.28,18.316,24.2821,5.189,,,,,,2026-07-14T14:47:16-04:00,2026-07-14T14:47:16-04:00,True,SHADOW_ONLY_CLOCK_NOT_A_BOT_ROUTE,OPEN_WIN,0.22,0.34,-0.39,0.22,2026-07-14T14:48:00,,19.49,Stock Clock / Micro Clocks phase candidate bridged into the contract spine.
b4f02d7be67fd01f,2026-07-14,STOCK_CLOCK,FCEL,LONG,BULL_BOUNCE_PENDING,BUY_ZONE,62.0,<70,SHADOW_REFERENCE,23.0399,21.8879,37.8946,12.895,,,,,,2026-07-14T14:47:16-04:00,2026-07-14T14:47:16-04:00,True,SHADOW_ONLY_CLOCK_NOT_A_BOT_ROUTE,NO_FILL,0.0,0.0,0.0,,,,21.5794,Stock Clock / Micro Clocks phase candidate bridged into the contract spine.
abd43519a057cedb,2026-07-14,STOCK_CLOCK,FRSH,LONG,BULL_BOUNCE_PENDING,BUY_ZONE,56.0,<70,SHADOW_REFERENCE,10.51,9.9845,15.0573,8.653,,,,,,2026-07-14T14:47:16-04:00,2026-07-14T14:47:16-04:00,True,SHADOW_ONLY_CLOCK_NOT_A_BOT_ROUTE,OPEN_LOSS,-0.21,0.08,-0.21,-0.21,2026-07-14T14:48:00,,10.4011,Stock Clock / Micro Clocks phase candidate bridged into the contract spine.
76eac260e2b6792a,2026-07-14,STOCK_CLOCK,FSLY,LONG,BEAR_REJECTION_PENDING,BUY_ZONE,67.0,<70,SHADOW_REFERENCE,20.29,19.2755,34.8027,14.305,,,,,,2026-07-14T14:47:16-04:00,2026-07-14T14:47:16-04:00,True,SHADOW_ONLY_CLOCK_NOT_A_BOT_ROUTE,OPEN_WIN,0.6,0.65,0.12,0.6,2026-07-14T14:48:00,,20.8982,Stock Clock / Micro Clocks phase candidate bridged into the contract spine.
66ac2c7eda6beaa4,2026-07-14,STOCK_CLOCK,GLW,LONG,BULL_BOUNCE,BUY_ZONE,49.0,<70,SHADOW_REFERENCE,195.57,185.7915,271.625,7.778,,,,,,2026-07-14T14:47:16-04:00,2026-07-14T14:47:16-04:00,True,SHADOW_ONLY_CLOCK_NOT_A_BOT_ROUTE,NO_FILL,0.0,0.0,0.0,,,,188.5,Stock Clock / Micro Clocks phase candidate bridged into the contract spine.
081d4c774281d4e7,2026-07-14,STOCK_CLOCK,GTLB,LONG,BULL_BOUNCE_PENDING,BUY_ZONE,58.0,<70,SHADOW_REFERENCE,33.9011,32.206,52.3974,10.912,,,,,,2026-07-14T14:47:16-04:00,2026-07-14T14:47:16-04:00,True,SHADOW_ONLY_CLOCK_NOT_A_BOT_ROUTE,NO_FILL,0.0,0.0,0.0,,,,32.92,Stock Clock / Micro Clocks phase candidate bridged into the contract spine.
a6ee9f5a0c115bc8,2026-07-14,STOCK_CLOCK,HELP,LONG,BULL_BOUNCE_PENDING,BUY_ZONE,53.0,<70,SHADOW_REFERENCE,6.66,6.327,9.1233,7.397,,,,,,2026-07-14T14:47:16-04:00,2026-07-14T14:47:16-04:00,True,SHADOW_ONLY_CLOCK_NOT_A_BOT_ROUTE,OPEN_WIN,0.36,0.42,-0.03,0.36,2026-07-14T14:50:00,,6.7796,Stock Clock / Micro Clocks phase candidate bridged into the contract spine.
9662bdab67ecf0c9,2026-07-14,STOCK_CLOCK,HPE,LONG,BULL_BOUNCE_PENDING,BUY_ZONE,83.0,80-89,SHADOW_REFERENCE,49.4,46.93,64.2393,6.008,,,,,,2026-07-14T14:47:16-04:00,2026-07-14T14:47:16-04:00,True,SHADOW_ONLY_CLOCK_NOT_A_BOT_ROUTE,OPEN_WIN,0.19,0.2,-0.2,0.19,2026-07-14T14:48:00,,49.8744,Stock Clock / Micro Clocks phase candidate bridged into the contract spine.
b692b8b8b187be32,2026-07-14,STOCK_CLOCK,LITE,LONG,BUY_LOWER_DIRTY,BUY_ZONE,38.0,<70,SHADOW_REFERENCE,794.9999,755.2499,1086.0654,7.322,,,,,,2026-07-14T14:47:16-04:00,2026-07-14T14:47:16-04:00,True,SHADOW_ONLY_CLOCK_NOT_A_BOT_ROUTE,OPEN_WIN,0.59,0.63,0.25,0.59,2026-07-14T14:48:00,,818.61,Stock Clock / Micro Clocks phase candidate bridged into the contract spine.
d382fb3675cf3ca8,2026-07-14,STOCK_CLOCK,MKSI,LONG,BULL_BOUNCE_PENDING,BUY_ZONE,68.0,<70,SHADOW_REFERENCE,368.78,350.341,447.5485,4.272,,,,,,2026-07-14T14:47:16-04:00,2026-07-14T14:47:16-04:00,True,SHADOW_ONLY_CLOCK_NOT_A_BOT_ROUTE,NO_FILL,0.0,0.0,0.0,,,,358.43,Stock Clock / Micro Clocks phase candidate bridged into the contract spine.
5f0ea2ec6c1a82cd,2026-07-14,STOCK_CLOCK,MXL,LONG,BEAR_REJECTION_PENDING,BUY_ZONE,56.0,<70,SHADOW_REFERENCE,96.16,91.352,128.3845,6.702,,,,,,2026-07-14T14:47:16-04:00,2026-07-14T14:47:16-04:00,True,SHADOW_ONLY_CLOCK_NOT_A_BOT_ROUTE,NO_FILL,0.0,0.0,0.0,,,,92.98,Stock Clock / Micro Clocks phase candidate bridged into the contract spine.
68e71118d0724f7e,2026-07-14,STOCK_CLOCK,NCLH,LONG,BEAR_REJECTION_PENDING,BUY_ZONE,48.0,<70,SHADOW_REFERENCE,19.734,18.7473,27.1818,7.548,,,,,,2026-07-14T14:47:16-04:00,2026-07-14T14:47:16-04:00,True,SHADOW_ONLY_CLOCK_NOT_A_BOT_ROUTE,NO_FILL,0.0,0.0,0.0,,,,19.46,Stock Clock / Micro Clocks phase candidate bridged into the contract spine.
03d61892a864110c,2026-07-14,STOCK_CLOCK,NEXT,LONG,BULL_BOUNCE,BUY_ZONE,74.0,70-79,SHADOW_REFERENCE,8.05,7.6475,12.1235,10.12,,,,,,2026-07-14T14:47:16-04:00,2026-07-14T14:47:16-04:00,True,SHADOW_ONLY_CLOCK_NOT_A_BOT_ROUTE,OPEN_WIN,0.37,0.37,0.15,0.37,2026-07-14T14:48:00,,8.1999,Stock Clock / Micro Clocks phase candidate bridged into the contract spine.
a3d0bd13c56fb334,2026-07-14,STOCK_CLOCK,NUVB,LONG,BULL_BOUNCE_PENDING,BUY_ZONE,54.0,<70,SHADOW_REFERENCE,6.21,5.8995,9.7488,11.397,,,,,,2026-07-14T14:47:16-04:00,2026-07-14T14:47:16-04:00,True,SHADOW_ONLY_CLOCK_NOT_A_BOT_ROUTE,NO_FILL,0.0,0.0,0.0,,,,5.9084,Stock Clock / Micro Clocks phase candidate bridged into the contract spine.
ef57c27800662a40,2026-07-14,STOCK_CLOCK,ONON,LONG,BULL_BOUNCE_PENDING,BUY_ZONE,53.0,<70,SHADOW_REFERENCE,36.8,34.96,54.4379,9.586,,,,,,2026-07-14T14:47:16-04:00,2026-07-14T14:47:16-04:00,True,SHADOW_ONLY_CLOCK_NOT_A_BOT_ROUTE,OPEN_WIN,0.52,0.6,0.4,0.52,2026-07-14T14:48:00,,37.75,Stock Clock / Micro Clocks phase candidate bridged into the contract spine.
b5d56d330f4afd03,2026-07-14,STOCK_CLOCK,ONTO,LONG,BEAR_REJECTION_PENDING,BUY_ZONE,53.0,<70,SHADOW_REFERENCE,317.02,301.169,386.6098,4.39,,,,,,2026-07-14T14:47:16-04:00,2026-07-14T14:47:16-04:00,True,SHADOW_ONLY_CLOCK_NOT_A_BOT_ROUTE,OPEN_WIN,0.44,0.47,-0.04,0.44,2026-07-14T14:48:00,,324.0,Stock Clock / Micro Clocks phase candidate bridged into the contract spine.
e9bc71b2a5f2f750,2026-07-14,STOCK_CLOCK,PATH,LONG,BULL_BOUNCE_PENDING,BUY_ZONE,76.0,70-79,SHADOW_REFERENCE,11.8065,11.2162,19.8429,13.614,,,,,,2026-07-14T14:47:16-04:00,2026-07-14T14:47:16-04:00,True,SHADOW_ONLY_CLOCK_NOT_A_BOT_ROUTE,OPEN_WIN,0.2,0.34,0.04,0.2,2026-07-14T14:48:00,,11.925,Stock Clock / Micro Clocks phase candidate bridged into the contract spine.
0aaeb05be9cda162,2026-07-14,STOCK_CLOCK,PD,LONG,BULL_BOUNCE_PENDING,BUY_ZONE,87.0,80-89,SHADOW_REFERENCE,10.44,9.918,18.0,14.483,,,,,,2026-07-14T14:47:16-04:00,2026-07-14T14:47:16-04:00,True,SHADOW_ONLY_CLOCK_NOT_A_BOT_ROUTE,OPEN_WIN,1.06,1.18,0.9,1.06,2026-07-14T14:48:00,,10.995,Stock Clock / Micro Clocks phase candidate bridged into the contract spine.
4910ef6ec62920d6,2026-07-14,STOCK_CLOCK,PLTR,LONG,BULL_BOUNCE_PENDING,BUY_ZONE,74.0,70-79,SHADOW_REFERENCE,128.7999,122.3599,207.4072,12.206,,,,,,2026-07-14T14:47:16-04:00,2026-07-14T14:47:16-04:00,True,SHADOW_ONLY_CLOCK_NOT_A_BOT_ROUTE,OPEN_WIN,0.85,1.09,0.68,0.85,2026-07-14T14:48:00,,134.28,Stock Clock / Micro Clocks phase candidate bridged into the contract spine.
9dfd37bea478b6e3,2026-07-14,STOCK_CLOCK,QGEN,LONG,BULL_BOUNCE_PENDING,BUY_ZONE,97.0,90+,SHADOW_REFERENCE,42.11,40.0045,57.8434,7.473,,,,,,2026-07-14T14:47:16-04:00,2026-07-14T14:47:16-04:00,True,SHADOW_ONLY_CLOCK_NOT_A_BOT_ROUTE,NO_FILL,0.0,0.0,0.0,,,,41.56,Stock Clock / Micro Clocks phase candidate bridged into the contract spine.
c196648b68689494,2026-07-14,STOCK_CLOCK,SAIL,LONG,BEAR_REJECTION_PENDING,BUY_ZONE,85.0,80-89,SHADOW_REFERENCE,14.8992,14.1542,23.9923,12.206,,,,,,2026-07-14T14:47:16-04:00,2026-07-14T14:47:16-04:00,True,SHADOW_ONLY_CLOCK_NOT_A_BOT_ROUTE,OPEN_WIN,0.2,0.55,-0.19,0.2,2026-07-14T14:48:00,,15.0507,Stock Clock / Micro Clocks phase candidate bridged into the contract spine.
29b3ea1a5f0f5c74,2026-07-14,STOCK_CLOCK,SHOP,LONG,BUY_LOWER_DIRTY,BUY_ZONE,49.0,<70,SHADOW_REFERENCE,124.4985,118.2736,182.2818,9.283,,,,,,2026-07-14T14:47:16-04:00,2026-07-14T14:47:16-04:00,True,SHADOW_ONLY_CLOCK_NOT_A_BOT_ROUTE,OPEN_WIN,0.18,0.23,0.06,0.18,2026-07-14T14:48:00,,125.61,Stock Clock / Micro Clocks phase candidate bridged into the contract spine.
6cd241d94bd4f515,2026-07-14,STOCK_CLOCK,SMMT,LONG,BULL_BOUNCE_PENDING,BUY_ZONE,30.0,<70,SHADOW_REFERENCE,15.72,14.934,31.0059,19.448,,,,,,2026-07-14T14:47:16-04:00,2026-07-14T14:47:16-04:00,True,SHADOW_ONLY_CLOCK_NOT_A_BOT_ROUTE,NO_FILL,0.0,0.0,0.0,,,,15.3622,Stock Clock / Micro Clocks phase candidate bridged into the contract spine.
bedb8b1af9f94f77,2026-07-14,STOCK_CLOCK,TRAX,LONG,BULL_BOUNCE_PENDING,BUY_ZONE,60.0,<70,SHADOW_REFERENCE,32.0,30.4,38.5078,4.067,,,,,,2026-07-14T14:47:16-04:00,2026-07-14T14:47:16-04:00,True,SHADOW_ONLY_CLOCK_NOT_A_BOT_ROUTE,OPEN_WIN,1.84,2.05,1.37,1.84,2026-07-14T14:48:00,,34.94,Stock Clock / Micro Clocks phase candidate bridged into the contract spine.
38776c32a09f842e,2026-07-14,STOCK_CLOCK,U,LONG,BULL_BOUNCE_PENDING,BUY_ZONE,64.0,<70,SHADOW_REFERENCE,30.99,29.4405,52.1717,13.67,,,,,,2026-07-14T14:47:16-04:00,2026-07-14T14:47:16-04:00,True,SHADOW_ONLY_CLOCK_NOT_A_BOT_ROUTE,OPEN_WIN,0.46,0.65,0.07,0.46,2026-07-14T14:48:00,,31.7,Stock Clock / Micro Clocks phase candidate bridged into the contract spine.
08bafe17e52475f4,2026-07-14,STOCK_CLOCK,UCTT,LONG,BEAR_REJECTION_PENDING,BUY_ZONE,66.0,<70,SHADOW_REFERENCE,107.3166,101.9508,144.2427,6.882,,,,,,2026-07-14T14:47:16-04:00,2026-07-14T14:47:16-04:00,True,SHADOW_ONLY_CLOCK_NOT_A_BOT_ROUTE,NO_FILL,0.0,0.0,0.0,,,,105.0,Stock Clock / Micro Clocks phase candidate bridged into the contract spine.
9399866ce63cf537,2026-07-14,STOCK_CLOCK,VERA,LONG,BEAR_REJECTION_PENDING,BUY_ZONE,65.0,<70,SHADOW_REFERENCE,42.09,39.9855,56.0453,6.631,,,,,,2026-07-14T14:47:16-04:00,2026-07-14T14:47:16-04:00,True,SHADOW_ONLY_CLOCK_NOT_A_BOT_ROUTE,OPEN_WIN,0.19,0.57,0.19,0.19,2026-07-14T14:48:00,,42.5,Stock Clock / Micro Clocks phase candidate bridged into the contract spine.
e367262881f3e24d,2026-07-14,STOCK_CLOCK,WRAP,LONG,BULL_BOUNCE_PENDING,BUY_ZONE,70.0,70-79,SHADOW_REFERENCE,2.49,2.3655,3.2296,5.941,,,,,,2026-07-14T14:47:16-04:00,2026-07-14T14:47:16-04:00,True,SHADOW_ONLY_CLOCK_NOT_A_BOT_ROUTE,NO_FILL,0.0,0.0,0.0,,,,2.19,Stock Clock / Micro Clocks phase candidate bridged into the contract spine.
0df112abf38766e8,2026-07-14,STOCK_CLOCK,WTI,LONG,BULL_BOUNCE_PENDING,BUY_ZONE,66.0,<70,SHADOW_REFERENCE,3.43,3.2585,5.0815,9.63,,,,,,2026-07-14T14:47:16-04:00,2026-07-14T14:47:16-04:00,True,SHADOW_ONLY_CLOCK_NOT_A_BOT_ROUTE,OPEN_WIN,0.71,0.93,0.7,0.71,2026-07-14T14:48:00,,3.551,Stock Clock / Micro Clocks phase candidate bridged into the contract spine.
5ade3cdb2ce9a2a4,2026-07-14,STOCK_CLOCK,XP,LONG,BEAR_REJECTION_PENDING,BUY_ZONE,52.0,<70,SHADOW_REFERENCE,15.75,14.9625,23.1278,9.369,,,,,,2026-07-14T14:47:16-04:00,2026-07-14T14:47:16-04:00,True,SHADOW_ONLY_CLOCK_NOT_A_BOT_ROUTE,OPEN_WIN,1.42,1.46,1.25,1.42,2026-07-14T14:48:00,,16.87,Stock Clock / Micro Clocks phase candidate bridged into the contract spine.
b13fb1875483fa18,2026-07-14,SURGE_MICRO,CRMT,LONG,MICRO_STARTER_ONLY,MICRO_STARTER_ONLY,55.0,<60,LIMIT,4.0961,3.8708,4.4832,1.72,,,,,,2026-07-14T14:24:06-04:00,2026-07-14T14:24:06-04:00,True,,TARGET_HIT,1.72,5.03,-2.51,1.26,2026-07-14T14:25:00,2026-07-14T16:33:00,4.38,"Tiny starter only if price reclaims/holds the fire area; no add-down, no second buy without a new setup."
ff23b812c05ec2f1,2026-07-14,SURGE_MICRO,CRMT,LONG,MICRO_STARTER_ONLY,MICRO_STARTER_ONLY,55.0,<60,LIMIT,4.06,3.8367,4.4446,1.72,,,,,,2026-07-14T14:44:47-04:00,2026-07-14T14:44:47-04:00,True,,TARGET_HIT,1.72,5.24,-2.37,1.43,2026-07-14T14:46:00,2026-07-14T16:33:00,4.38,"Tiny starter only if price reclaims/holds the fire area; no add-down, no second buy without a new setup."
6c015a1c78fdd907,2026-07-14,SURGE_MICRO,CRMT,LONG,MICRO_STARTER_ONLY,MICRO_STARTER_ONLY,55.0,<60,LIMIT,4.38,4.1391,4.7938,1.72,AVOID_LONG_CHASE,AVOID_SHORT,ABOVE_ORH,1.0,1.0,2026-07-14T20:34:03-04:00,2026-07-14T20:14:49-04:00,True,,NO_BARS_AFTER_SIGNAL,,,,,,,,"Tiny starter only if price reclaims/holds the fire area; no add-down, no second buy without a new setup."
ed71f2321ecb3132,2026-07-14,SURGE_MICRO,CRMT,LONG,MICRO_STARTER_ONLY,MICRO_STARTER_ONLY,55.0,<60,LIMIT,4.21,3.9784,4.6074,1.72,AVOID_LONG_CHASE,AVOID_SHORT,ABOVE_ORH,1.0,1.0,2026-07-14T19:45:01-04:00,2026-07-14T19:24:00-04:00,True,,NO_FILL,0.0,0.0,0.0,,,,4.38,"Tiny starter only if price reclaims/holds the fire area; no add-down, no second buy without a new setup."
5594e3afbf740fb7,2026-07-14,SURGE_MICRO,CRMT,LONG,MICRO_STARTER_ONLY,MICRO_STARTER_ONLY,55.0,<60,LIMIT,4.1997,3.9687,4.5971,1.72,AVOID_LONG_CHASE,AVOID_SHORT,ABOVE_ORH,1.0,1.0,2026-07-14T18:44:02-04:00,2026-07-14T18:44:02-04:00,True,,OPEN_WIN,0.78,0.87,-0.39,0.78,2026-07-14T18:45:00,,4.38,"Tiny starter only if price reclaims/holds the fire area; no add-down, no second buy without a new setup."
eb75e07228471a70,2026-07-14,SURGE_MICRO,IKT,LONG,MICRO_STARTER_ONLY,MICRO_STARTER_ONLY,55.0,<60,LIMIT,2.295,2.1688,2.5116,1.72,,,,,,2026-07-14T11:38:35-04:00,2026-07-14T11:38:35-04:00,True,,STOPPED,-1.0,0.52,-2.1,-2.02,2026-07-14T11:39:00,2026-07-14T13:03:00,2.04,"Tiny starter only if price reclaims/holds the fire area; no add-down, no second buy without a new setup."
7d5c05991593a45e,2026-07-14,SURGE_MICRO,IKT,LONG,MICRO_STARTER_ONLY,MICRO_STARTER_ONLY,55.0,<60,LIMIT,2.075,1.9609,2.2711,1.72,,,,,,2026-07-14T14:19:49-04:00,2026-07-14T14:19:49-04:00,True,,OPEN_LOSS,-0.31,0.09,-0.39,-0.31,2026-07-14T14:20:00,,2.04,"Tiny starter only if price reclaims/holds the fire area; no add-down, no second buy without a new setup."
82598209efe42491,2026-07-14,SURGE_MICRO,IKT,LONG,MICRO_STARTER_ONLY,MICRO_STARTER_ONLY,55.0,<60,LIMIT,2.065,1.9514,2.2598,1.71,,,,,,2026-07-14T14:39:20-04:00,2026-07-14T14:39:20-04:00,True,,OPEN_LOSS,-0.22,0.18,-0.31,-0.22,2026-07-14T14:40:00,,2.04,"Tiny starter only if price reclaims/holds the fire area; no add-down, no second buy without a new setup."
6ee4eeeefd2b0760,2026-07-14,SURGE_MICRO,LEDS,LONG,MICRO_STARTER_ONLY,MICRO_STARTER_ONLY,55.0,<60,LIMIT,2.0513,1.9385,2.2568,1.82,,,,,,2026-07-14T12:00:07-04:00,2026-07-14T12:00:07-04:00,True,,TARGET_HIT,1.82,3.09,-0.81,1.32,2026-07-14T12:15:00,2026-07-14T12:39:00,2.2,"Tiny starter only if price reclaims/holds the fire area; no add-down, no second buy without a new setup."
487b5b3816848723,2026-07-14,SURGE_MICRO,LEDS,LONG,MICRO_STARTER_ONLY,MICRO_STARTER_ONLY,55.0,<60,LIMIT,2.0537,1.9407,2.2592,1.82,,,,,,2026-07-14T12:20:27-04:00,2026-07-14T12:20:27-04:00,True,,TARGET_HIT,1.82,3.06,-0.65,1.29,2026-07-14T12:21:00,2026-07-14T12:39:00,2.2,"Tiny starter only if price reclaims/holds the fire area; no add-down, no second buy without a new setup."
362a5ff8372275be,2026-07-14,SURGE_MICRO,LEDS,LONG,MICRO_STARTER_ONLY,MICRO_STARTER_ONLY,55.0,<60,LIMIT,2.2338,2.1109,2.4573,1.82,,,,,,2026-07-14T12:41:01-04:00,2026-07-14T12:41:01-04:00,True,,STOPPED,-1.0,1.35,-1.82,-0.28,2026-07-14T12:43:00,2026-07-14T13:01:00,2.2,"Tiny starter only if price reclaims/holds the fire area; no add-down, no second buy without a new setup."
52596d092e472dfa,2026-07-14,SURGE_MICRO,LEDS,LONG,MICRO_STARTER_ONLY,MICRO_STARTER_ONLY,55.0,<60,LIMIT,2.0934,1.9783,2.3028,1.82,,,,,,2026-07-14T13:21:21-04:00,2026-07-14T13:21:21-04:00,True,,TARGET_HIT,1.82,2.66,-0.72,0.93,2026-07-14T13:22:00,2026-07-14T14:59:00,2.2,"Tiny starter only if price reclaims/holds the fire area; no add-down, no second buy without a new setup."
44f84fff56c32033,2026-07-14,SURGE_MICRO,LEDS,LONG,MICRO_STARTER_ONLY,MICRO_STARTER_ONLY,55.0,<60,LIMIT,2.1231,2.0063,2.3355,1.82,,,,,,2026-07-14T13:41:54-04:00,2026-07-14T13:41:54-04:00,True,,TARGET_HIT,1.82,2.37,-0.63,0.66,2026-07-14T13:46:00,2026-07-14T15:24:00,2.2,"Tiny starter only if price reclaims/holds the fire area; no add-down, no second buy without a new setup."
6fb6113f8bafe9da,2026-07-14,SURGE_MICRO,LEDS,LONG,MICRO_STARTER_ONLY,MICRO_STARTER_ONLY,55.0,<60,LIMIT,2.108,1.9921,2.3189,1.82,,,,,,2026-07-14T14:01:12-04:00,2026-07-14T14:01:12-04:00,True,,TARGET_HIT,1.82,2.52,-0.45,0.79,2026-07-14T14:02:00,2026-07-14T14:59:00,2.2,"Tiny starter only if price reclaims/holds the fire area; no add-down, no second buy without a new setup."
54de1a5b3d337380,2026-07-14,SURGE_MICRO,LEDS,LONG,MICRO_STARTER_ONLY,MICRO_STARTER_ONLY,55.0,<60,LIMIT,2.0825,1.968,2.2908,1.82,,,,,,2026-07-14T14:21:57-04:00,2026-07-14T14:21:57-04:00,True,,TARGET_HIT,1.82,2.77,-0.2,1.03,2026-07-14T14:22:00,2026-07-14T14:59:00,2.2,"Tiny starter only if price reclaims/holds the fire area; no add-down, no second buy without a new setup."
e006a5798b43dd72,2026-07-14,SURGE_MICRO,LEDS,LONG,MICRO_STARTER_ONLY,MICRO_STARTER_ONLY,55.0,<60,LIMIT,2.125,2.0081,2.3378,1.82,,,,,,2026-07-14T14:41:28-04:00,2026-07-14T14:41:28-04:00,True,,TARGET_HIT,1.82,2.35,-0.56,0.64,2026-07-14T14:42:00,2026-07-14T15:24:00,2.2,"Tiny starter only if price reclaims/holds the fire area; no add-down, no second buy without a new setup."
24941a4b8b9773da,2026-07-14,SURGE_MICRO,LEDS,LONG,MICRO_STARTER_ONLY,MICRO_STARTER_ONLY,55.0,<60,LIMIT,2.2,2.079,2.4202,1.82,CONTINUATION_LONG,NEUTRAL,OR_MIDDLE,0.575,0.575,2026-07-14T20:34:03-04:00,2026-07-14T20:14:49-04:00,True,,NO_BARS_AFTER_SIGNAL,,,,,,,,"Tiny starter only if price reclaims/holds the fire area; no add-down, no second buy without a new setup."
72929c920580c6cc,2026-07-14,SURGE_MICRO,LEDS,LONG,MICRO_STARTER_ONLY,MICRO_STARTER_ONLY,55.0,<60,LIMIT,2.2,2.079,2.4076,1.72,CONTINUATION_LONG,NEUTRAL,OR_MIDDLE,0.575,0.575,2026-07-14T20:16:33-04:00,2026-07-14T20:16:33-04:00,True,,NO_BARS_AFTER_SIGNAL,,,,,,,,"Tiny starter only if price reclaims/holds the fire area; no add-down, no second buy without a new setup."
c2bb206644d42ae9,2026-07-14,SURGE_MICRO,LEDS,LONG,MICRO_STARTER_ONLY,MICRO_STARTER_ONLY,55.0,<60,LIMIT,2.17,2.0506,2.3874,1.82,CONTINUATION_LONG,NEUTRAL,OR_MIDDLE,0.575,0.575,2026-07-14T19:41:48-04:00,2026-07-14T19:41:48-04:00,True,,OPEN_WIN,0.25,0.5,-0.03,0.25,2026-07-14T19:46:00,,2.2,"Tiny starter only if price reclaims/holds the fire area; no add-down, no second buy without a new setup."
bcf7d06c13d10680,2026-07-14,SURGE_MICRO,LEDS,LONG,MICRO_STARTER_ONLY,MICRO_STARTER_ONLY,55.0,<60,LIMIT,2.16,2.0412,2.3762,1.82,CONTINUATION_LONG,NEUTRAL,OR_MIDDLE,0.575,0.575,2026-07-14T19:21:49-04:00,2026-07-14T19:21:49-04:00,True,,OPEN_WIN,0.34,0.59,-0.15,0.34,2026-07-14T19:23:00,,2.2,"Tiny starter only if price reclaims/holds the fire area; no add-down, no second buy without a new setup."
313e43868bed7fa1,2026-07-14,SURGE_MICRO,LGHL,LONG,MICRO_LONG_SCOUT,MICRO_LONG_SCOUT,60.0,60-69,MARKET,3.77,3.5626,4.1474,1.82,AVOID_LONG,AVOID_SHORT_CHASE,BELOW_ORL,0.0,0.0,2026-07-14T09:54:00-04:00,2026-07-14T09:54:00-04:00,True,,TARGET_HIT,1.82,10.22,-9.21,-8.58,2026-07-14T09:54:00,2026-07-14T09:55:00,1.99,"Tiny starter only if price reclaims/holds the fire area; no add-down, no second buy without a new setup."
1e96a2cf2b1d9169,2026-07-14,SURGE_MICRO,LGHL,LONG,MICRO_LONG_SCOUT,MICRO_LONG_SCOUT,60.0,60-69,MARKET,3.02,2.8539,3.3223,1.82,AVOID_LONG,AVOID_SHORT_CHASE,BELOW_ORL,0.0,0.0,2026-07-14T10:34:04-04:00,2026-07-14T10:34:04-04:00,True,,STOPPED,-1.0,2.77,-6.98,-6.2,2026-07-14T10:35:00,2026-07-14T10:36:00,1.99,"Tiny starter only if price reclaims/holds the fire area; no add-down, no second buy without a new setup."
eb43c2acdb32a4b1,2026-07-14,SURGE_MICRO,LGHL,LONG,MICRO_STARTER_ONLY,MICRO_STARTER_ONLY,55.0,<60,LIMIT,2.61,2.4664,2.8714,1.82,,,,,,2026-07-14T12:14:00-04:00,2026-07-14T12:14:00-04:00,True,,TARGET_HIT,1.82,2.51,-5.22,-4.32,2026-07-14T12:14:00,2026-07-14T12:25:00,1.99,"Tiny starter only if price reclaims/holds the fire area; no add-down, no second buy without a new setup."
88278007eacc0a2c,2026-07-14,SURGE_MICRO,LGHL,LONG,MICRO_STARTER_ONLY,MICRO_STARTER_ONLY,55.0,<60,LIMIT,2.878,2.7197,3.1665,1.82,,,,,,2026-07-14T12:34:34-04:00,2026-07-14T12:34:34-04:00,True,,STOPPED,-1.0,0.58,-6.43,-5.61,2026-07-14T12:35:00,2026-07-14T12:36:00,1.99,"Tiny starter only if price reclaims/holds the fire area; no add-down, no second buy without a new setup."
5812833788fd59b6,2026-07-14,SURGE_MICRO,LGHL,LONG,MICRO_STARTER_ONLY,MICRO_STARTER_ONLY,55.0,<60,LIMIT,2.6187,2.4747,2.8807,1.82,,,,,,2026-07-14T12:54:09-04:00,2026-07-14T12:54:09-04:00,True,,STOPPED,-1.0,0.56,-5.27,-4.37,2026-07-14T12:56:00,2026-07-14T13:10:00,1.99,"Tiny starter only if price reclaims/holds the fire area; no add-down, no second buy without a new setup."
016456981d9f9eb8,2026-07-14,SURGE_MICRO,LGHL,LONG,MICRO_STARTER_ONLY,MICRO_STARTER_ONLY,55.0,<60,LIMIT,2.445,2.3105,2.6899,1.82,,,,,,2026-07-14T13:14:58-04:00,2026-07-14T13:14:58-04:00,True,,STOPPED,-1.0,0.71,-4.35,-3.38,2026-07-14T14:14:00,2026-07-14T16:03:00,1.99,"Tiny starter only if price reclaims/holds the fire area; no add-down, no second buy without a new setup."
a154b282ffa6ebe4,2026-07-14,SURGE_MICRO,LGHL,LONG,MICRO_STARTER_ONLY,MICRO_STARTER_ONLY,55.0,<60,LIMIT,2.5514,2.4111,2.8067,1.82,,,,,,2026-07-14T13:34:17-04:00,2026-07-14T13:34:17-04:00,True,,STOPPED,-1.0,0.99,-4.93,-4.0,2026-07-14T13:39:00,2026-07-14T14:20:00,1.99,"Tiny starter only if price reclaims/holds the fire area; no add-down, no second buy without a new setup."
7bc9ad58c0702338,2026-07-14,SURGE_MICRO,LGHL,LONG,MICRO_STARTER_ONLY,MICRO_STARTER_ONLY,55.0,<60,LIMIT,2.48,2.3436,2.7284,1.82,,,,,,2026-07-14T14:35:02-04:00,2026-07-14T14:35:02-04:00,True,,STOPPED,-1.0,0.44,-4.55,-3.59,2026-07-14T14:37:00,2026-07-14T15:09:00,1.99,"Tiny starter only if price reclaims/holds the fire area; no add-down, no second buy without a new setup."
c528b2e0036210e6,2026-07-14,SURGE_MICRO,MODD,LONG,MICRO_STARTER_ONLY,MICRO_STARTER_ONLY,55.0,<60,LIMIT,4.22,3.9879,4.62,1.72,CONTINUATION_LONG,NEUTRAL,OR_MIDDLE,0.55,0.284,2026-07-14T20:34:03-04:00,2026-07-14T20:14:49-04:00,True,,NO_BARS_AFTER_SIGNAL,,,,,,,,"Tiny starter only if price reclaims/holds the fire area; no add-down, no second buy without a new setup."
616f886775cbb405,2026-07-14,SURGE_MICRO,MODD,LONG,MICRO_STARTER_ONLY,MICRO_STARTER_ONLY,55.0,<60,LIMIT,4.2122,3.9805,4.6096,1.72,CONTINUATION_LONG,NEUTRAL,OR_MIDDLE,0.55,0.284,2026-07-14T19:26:07-04:00,2026-07-14T19:26:07-04:00,True,,NO_FILL,0.0,0.0,0.0,,,,4.22,"Tiny starter only if price reclaims/holds the fire area; no add-down, no second buy without a new setup."
57b0e590bbb2b10f,2026-07-14,SURGE_MICRO,MODD,LONG,MICRO_STARTER_ONLY,MICRO_STARTER_ONLY,55.0,<60,LIMIT,4.45,4.2053,4.8696,1.71,CONTINUATION_LONG,NEUTRAL,OR_MIDDLE,0.55,0.284,2026-07-14T18:46:09-04:00,2026-07-14T18:46:09-04:00,True,,OPEN_LOSS,-0.94,-0.94,-0.97,-0.94,2026-07-14T19:18:00,,4.22,"Tiny starter only if price reclaims/holds the fire area; no add-down, no second buy without a new setup."
b3d741d53324fae8,2026-07-14,SURGE_MICRO,NXTC,LONG,MICRO_STARTER_ONLY,MICRO_STARTER_ONLY,56.0,<60,LIMIT,9.11,8.7,9.8417,1.78,AVOID_LONG,AVOID_SHORT_CHASE,BELOW_ORL,0.0,0.0,2026-07-14T07:37:15-04:00,2026-07-14T07:37:15-04:00,True,,STOPPED,-1.0,1.93,-9.76,-8.44,2026-07-14T07:57:00,2026-07-14T08:03:00,5.65,"Tiny starter only if price reclaims/holds the fire area; no add-down, no second buy without a new setup."
9a24aebb4cc8b9af,2026-07-14,SURGE_MICRO,NXTC,LONG,MICRO_STARTER_ONLY,MICRO_STARTER_ONLY,56.0,<60,LIMIT,8.62,8.2321,9.3097,1.78,AVOID_LONG,AVOID_SHORT_CHASE,BELOW_ORL,0.0,0.0,2026-07-14T08:37:27-04:00,2026-07-14T08:37:27-04:00,True,,STOPPED,-1.0,3.3,-9.05,-7.66,2026-07-14T08:38:00,2026-07-14T08:38:00,5.65,"Tiny starter only if price reclaims/holds the fire area; no add-down, no second buy without a new setup."
178627e77b41a7f1,2026-07-14,SURGE_MICRO,NXTC,LONG,MICRO_LONG_SCOUT,MICRO_LONG_SCOUT,70.0,70-79,MARKET,6.2099,5.9305,6.7432,1.91,AVOID_LONG,AVOID_SHORT_CHASE,BELOW_ORL,0.0,0.0,2026-07-14T10:57:40-04:00,2026-07-14T10:57:40-04:00,True,,TARGET_HIT,1.91,4.47,-3.94,-2.0,2026-07-14T10:58:00,2026-07-14T11:11:00,5.65,"Tiny starter only if price reclaims/holds the fire area; no add-down, no second buy without a new setup."
736ec089b2d1a45b,2026-07-14,SURGE_MICRO,NXTC,LONG,MICRO_STARTER_ONLY,MICRO_STARTER_ONLY,56.0,<60,LIMIT,6.65,6.3507,7.2214,1.91,AVOID_LONG,AVOID_SHORT_CHASE,BELOW_ORL,0.0,0.0,2026-07-14T11:37:29-04:00,2026-07-14T11:37:29-04:00,True,,STOPPED,-1.0,1.34,-5.15,-3.34,2026-07-14T12:14:00,2026-07-14T12:54:00,5.65,"Tiny starter only if price reclaims/holds the fire area; no add-down, no second buy without a new setup."
1badc0a93dedf19f,2026-07-14,SURGE_MICRO,SHPH,LONG,MICRO_STARTER_ONLY,MICRO_STARTER_ONLY,63.0,60-69,LIMIT,4.5309,4.2817,4.9595,1.72,CONTINUATION_LONG,AVOID_SHORT_CHASE,OR_BOTTOM_THIRD,0.016,0.016,2026-07-14T07:04:00-04:00,2026-07-14T07:04:00-04:00,True,,STOPPED,-1.0,3.25,-2.89,-2.81,2026-07-14T07:10:00,2026-07-14T07:13:00,3.83,"Tiny starter only if price reclaims/holds the fire area; no add-down, no second buy without a new setup."
67f616c52e885d4a,2026-07-14,SURGE_MICRO,SHPH,LONG,MICRO_STARTER_ONLY,MICRO_STARTER_ONLY,63.0,60-69,LIMIT,4.66,4.4037,5.1269,1.82,CONTINUATION_LONG,AVOID_SHORT_CHASE,OR_BOTTOM_THIRD,0.016,0.016,2026-07-14T09:32:00-04:00,2026-07-14T09:32:00-04:00,True,,STOPPED,-1.0,1.72,-3.32,-3.24,2026-07-14T09:32:00,2026-07-14T09:51:00,3.83,"Tiny starter only if price reclaims/holds the fire area; no add-down, no second buy without a new setup."
a074abfb1a6fc133,2026-07-14,SURGE_MICRO,XCUR,LONG,MICRO_STARTER_ONLY,MICRO_STARTER_ONLY,55.0,<60,LIMIT,2.17,2.0506,2.3874,1.82,AVOID_LONG_CHASE,AVOID_SHORT,ABOVE_ORH,1.0,1.0,2026-07-14T20:34:03-04:00,2026-07-14T20:14:49-04:00,True,,NO_BARS_AFTER_SIGNAL,,,,,,,,"Tiny starter only if price reclaims/holds the fire area; no add-down, no second buy without a new setup."
df91563f8daf2b18,2026-07-14,SURGE_MICRO,XCUR,LONG,MICRO_STARTER_ONLY,MICRO_STARTER_ONLY,55.0,<60,LIMIT,2.17,2.0506,2.3748,1.72,AVOID_LONG_CHASE,AVOID_SHORT,ABOVE_ORH,1.0,1.0,2026-07-14T20:16:33-04:00,2026-07-14T20:16:33-04:00,True,,NO_BARS_AFTER_SIGNAL,,,,,,,,"Tiny starter only if price reclaims/holds the fire area; no add-down, no second buy without a new setup."
7d99dd64d174dd47,2026-07-14,SURGE_MICRO,XCUR,LONG,MICRO_STARTER_ONLY,MICRO_STARTER_ONLY,55.0,<60,LIMIT,2.14,2.0223,2.3543,1.82,AVOID_LONG_CHASE,AVOID_SHORT,ABOVE_ORH,1.0,1.0,2026-07-14T19:54:27-04:00,2026-07-14T19:54:27-04:00,True,,OPEN_WIN,0.25,0.42,-0.08,0.25,2026-07-14T19:57:00,,2.17,"Tiny starter only if price reclaims/holds the fire area; no add-down, no second buy without a new setup."
8558bb75a1717f55,2026-07-14,SURGE_MICRO,XCUR,LONG,MICRO_STARTER_ONLY,MICRO_STARTER_ONLY,55.0,<60,LIMIT,2.1113,1.9952,2.3226,1.82,AVOID_LONG_CHASE,AVOID_SHORT,ABOVE_ORH,1.0,1.0,2026-07-14T19:12:09-04:00,2026-07-14T19:12:09-04:00,True,,OPEN_WIN,0.51,0.76,-0.01,0.51,2026-07-14T19:13:00,,2.17,"Tiny starter only if price reclaims/holds the fire area; no add-down, no second buy without a new setup."
6b7bd78064412645,2026-07-14,SURGE_MICRO,XHLD,LONG,MICRO_STARTER_ONLY,MICRO_STARTER_ONLY,55.0,<60,LIMIT,2.18,2.0601,2.3982,1.82,,,,,,2026-07-14T14:09:03-04:00,2026-07-14T14:09:03-04:00,True,,OPEN_LOSS,-0.83,0.67,-0.92,-0.83,2026-07-14T14:20:00,,2.08,"Tiny starter only if price reclaims/holds the fire area; no add-down, no second buy without a new setup."
f06e29db6dfa9b1c,2026-07-14,SURGE_MICRO,XHLD,LONG,MICRO_STARTER_ONLY,MICRO_STARTER_ONLY,55.0,<60,LIMIT,2.21,2.0884,2.4314,1.82,,,,,,2026-07-14T14:29:35-04:00,2026-07-14T14:29:35-04:00,True,,STOPPED,-1.0,0.41,-1.15,-1.07,2026-07-14T14:42:00,2026-07-14T15:59:00,2.08,"Tiny starter only if price reclaims/holds the fire area; no add-down, no second buy without a new setup."
